station_id,init_date,forecast_hour,relative_horizon_hour,wind_u_10m_mps,wind_v_10m_mps,relative_humidity_2m_percent,temperature_2m_kelvin,surface_pressure_pa,surface_pressure_hpa,temperature_2m_celsius,wind_speed_10m_mps,initialization_utc,valid_time_utc,valid_time_pjm
Baltimore_Washington_MD,20131231,18,0,1.5713815999999998,-2.2393092,97.786184,249.6106908,102520.5,1025.205,-23.53930919999999,2.735643585342067,2013-12-31 06:00:00,2014-01-01 00:00:00,2013-12-31 19:00:00-05:00
Baltimore_Washington_MD,20131231,19,1,1.1480482666666665,-2.4995394666666666,98.38848666666667,249.27092106666666,102517.270176,1025.17270176,-23.879078933333318,2.7505840049016177,2013-12-31 06:00:00,2014-01-01 01:00:00,2013-12-31 20:00:00-05:00
Baltimore_Washington_MD,20131231,20,2,0.7247149333333331,-2.7597697333333335,98.99078933333334,248.93115133333333,102514.040352,1025.14040352,-24.218848666666645,2.8533385210344524,2013-12-31 06:00:00,2014-01-01 02:00:00,2013-12-31 21:00:00-05:00
Baltimore_Washington_MD,20131231,21,3,0.3013815999999997,-3.02,99.593092,248.5913816,102510.810528,1025.10810528,-24.558618399999972,3.035000966856281,2013-12-31 06:00:00,2014-01-01 03:00:00,2013-12-31 22:00:00-05:00
Baltimore_Washington_MD,20131231,22,4,0.08827853333333302,-3.030230266666667,99.357456,248.60448466666668,102512.80806033334,1025.1280806033333,-24.5455153333333,3.031515886230884,2013-12-31 06:00:00,2014-01-01 04:00:00,2013-12-31 23:00:00-05:00
Baltimore_Washington_MD,20131231,23,5,-0.12482453333333365,-3.0404605333333334,99.12182,248.61758773333332,102514.80559266667,1025.1480559266668,-24.532412266666654,3.0430217578715246,2013-12-31 06:00:00,2014-01-01 05:00:00,2014-01-01 00:00:00-05:00
Baltimore_Washington_MD,20131231,24,6,-0.3379276000000004,-3.0506908000000004,98.886184,248.6306908,102516.803125,1025.16803125,-24.51930919999998,3.069349999600307,2013-12-31 06:00:00,2014-01-01 06:00:00,2014-01-01 01:00:00-05:00
Baltimore_Washington_MD,20131231,25,7,-0.308157866666667,-2.9440241333333335,98.98848666666666,248.53402413333333,102550.06875,1025.5006875000001,-24.615975866666645,2.960107999455026,2013-12-31 06:00:00,2014-01-01 07:00:00,2014-01-01 02:00:00-05:00
Baltimore_Washington_MD,20131231,26,8,-0.2783881333333337,-2.837357466666667,99.09078933333333,248.43735746666667,102583.334375,1025.83334375,-24.71264253333331,2.8509818214835927,2013-12-31 06:00:00,2014-01-01 08:00:00,2014-01-01 03:00:00-05:00
Baltimore_Washington_MD,20131231,27,9,-0.2486184000000003,-2.7306908,99.193092,248.3406908,102616.6,1026.1660000000002,-24.809309199999973,2.7419852942755183,2013-12-31 06:00:00,2014-01-01 09:00:00,2014-01-01 04:00:00-05:00
Baltimore_Washington_MD,20131231,28,10,-0.032182000000000294,-2.6968969333333335,98.85975866666666,248.56712720000002,102626.03684266667,1026.2603684266667,-24.58287279999996,2.697088939977089,2013-12-31 06:00:00,2014-01-01 10:00:00,2014-01-01 05:00:00-05:00
Baltimore_Washington_MD,20131231,29,11,0.1842543999999997,-2.6631030666666664,98.52642533333332,248.7935636,102635.47368533333,1026.3547368533334,-24.35643639999998,2.6694695404909123,2013-12-31 06:00:00,2014-01-01 11:00:00,2014-01-01 06:00:00-05:00
Baltimore_Washington_MD,20131231,30,12,0.4006907999999998,-2.6293092,98.193092,249.02,102644.910528,1026.44910528,-24.129999999999967,2.6596653899333424,2013-12-31 06:00:00,2014-01-01 12:00:00,2014-01-01 07:00:00-05:00
Baltimore_Washington_MD,20131231,31,13,0.6242543999999998,-2.6026425333333334,98.028728,249.09310306666669,102649.54139366666,1026.4954139366666,-24.05689693333329,2.676460668912419,2013-12-31 06:00:00,2014-01-01 13:00:00,2014-01-01 08:00:00-05:00
Baltimore_Washington_MD,20131231,32,14,0.8478179999999997,-2.575975866666667,97.864364,249.16620613333333,102654.17225933334,1026.5417225933334,-23.983793866666645,2.7119083735947065,2013-12-31 06:00:00,2014-01-01 14:00:00,2014-01-01 09:00:00-05:00
Baltimore_Washington_MD,20131231,33,15,1.0713815999999998,-2.5493092000000006,97.7,249.2393092,102658.803125,1026.58803125,-23.91069079999997,2.7652912920745263,2013-12-31 06:00:00,2014-01-01 15:00:00,2014-01-01 10:00:00-05:00
Baltimore_Washington_MD,20131231,34,16,1.3611513333333332,-2.6126425333333336,98.064364,249.02597586666667,102641.36875000001,1026.4136875000002,-24.124024133333307,2.945952131182299,2013-12-31 06:00:00,2014-01-01 16:00:00,2014-01-01 11:00:00-05:00
Baltimore_Washington_MD,20131231,35,17,1.6509210666666667,-2.675975866666667,98.428728,248.81264253333333,102623.934375,1026.23934375,-24.337357466666646,3.144262585622617,2013-12-31 06:00:00,2014-01-01 17:00:00,2014-01-01 12:00:00-05:00
Baltimore_Washington_MD,20131231,36,18,1.9406908,-2.7393092,98.793092,248.5993092,102606.5,1026.065,-24.550690799999984,3.357096315926798,2013-12-31 06:00:00,2014-01-01 18:00:00,2014-01-01 13:00:00-05:00
Baltimore_Washington_MD,20131231,37,19,1.9544846666666666,-2.8924122666666667,99.064364,247.88264253333332,102628.5,1026.285,-25.267357466666652,3.4908536252038576,2013-12-31 06:00:00,2014-01-01 19:00:00,2014-01-01 14:00:00-05:00
Baltimore_Washington_MD,20131231,38,20,1.9682785333333335,-3.045515333333334,99.33563600000001,247.16597586666666,102650.5,1026.505,-25.98402413333332,3.626194152324068,2013-12-31 06:00:00,2014-01-01 20:00:00,2014-01-01 15:00:00-05:00
Baltimore_Washington_MD,20131231,39,21,1.9820724,-3.1986184000000004,99.606908,246.4493092,102672.5,1026.725,-26.70069079999999,3.7629470721311407,2013-12-31 06:00:00,2014-01-01 21:00:00,2014-01-01 16:00:00-05:00
Baltimore_Washington_MD,20131231,40,22,1.9485088000000002,-3.235285066666667,98.90460533333334,246.08620613333332,102652.20350933334,1026.5220350933334,-27.063793866666657,3.776738805672664,2013-12-31 06:00:00,2014-01-01 22:00:00,2014-01-01 17:00:00-05:00
Baltimore_Washington_MD,20131231,41,23,1.9149452,-3.2719517333333337,98.20230266666667,245.72310306666668,102631.90701866666,1026.3190701866667,-27.426896933333296,3.791132187653979,2013-12-31 06:00:00,2014-01-01 23:00:00,2014-01-01 18:00:00-05:00
Baltimore_Washington_MD,20131231,42,24,1.8813816,-3.3086184000000003,97.5,245.36,102611.610528,1026.11610528,-27.789999999999964,3.8061203924254845,2013-12-31 06:00:00,2014-01-02 00:00:00,2014-01-01 19:00:00-05:00
Baltimore_Washington_MD,20131231,43,25,1.6649452,-3.285285066666667,97.76666666666667,245.11333333333334,102604.60701866668,1026.0460701866668,-28.036666666666633,3.683088444263326,2013-12-31 06:00:00,2014-01-02 01:00:00,2014-01-01 20:00:00-05:00
Baltimore_Washington_MD,20131231,44,26,1.4485087999999997,-3.261951733333334,98.03333333333333,244.86666666666667,102597.60350933333,1025.9760350933334,-28.283333333333303,3.5691044891224157,2013-12-31 06:00:00,2014-01-02 02:00:00,2014-01-01 21:00:00-05:00
Baltimore_Washington_MD,20131231,45,27,1.2320723999999996,-3.2386184000000005,98.3,244.62,102590.6,1025.906,-28.529999999999973,3.4650615491878813,2013-12-31 06:00:00,2014-01-02 03:00:00,2014-01-01 22:00:00-05:00
Baltimore_Washington_MD,20131231,46,28,1.205405733333333,-3.205515333333334,98.46666666666667,244.86310306666667,102576.93333333333,1025.7693333333334,-28.28689693333331,3.4246651711062186,2013-12-31 06:00:00,2014-01-02 04:00:00,2014-01-01 23:00:00-05:00
Baltimore_Washington_MD,20131231,47,29,1.1787390666666664,-3.172412266666667,98.63333333333333,245.10620613333333,102563.26666666668,1025.6326666666669,-28.043793866666647,3.384320519245088,2013-12-31 06:00:00,2014-01-02 05:00:00,2014-01-02 00:00:00-05:00
Baltimore_Washington_MD,20131231,48,30,1.1520723999999998,-3.1393092000000005,98.8,245.3493092,102549.6,1025.496,-27.800690799999984,3.3440294657862095,2013-12-31 06:00:00,2014-01-02 06:00:00,2014-01-02 01:00:00-05:00
Baltimore_Washington_MD,20140101,18,0,1.0220723999999994,-3.5293092000000006,100.0,246.39000000000004,102658.313653,1026.58313653,-26.759999999999934,3.6743238044634015,2014-01-01 06:00:00,2014-01-02 00:00:00,2014-01-01 19:00:00-05:00
Baltimore_Washington_MD,20140101,19,1,0.9487390666666662,-3.3862061333333338,99.96896933333333,245.93976973333335,102645.34243533334,1026.4534243533335,-27.210230266666628,3.5166031612969673,2014-01-01 06:00:00,2014-01-02 01:00:00,2014-01-01 20:00:00-05:00
Baltimore_Washington_MD,20140101,20,2,0.8754057333333328,-3.243103066666667,99.93793866666667,245.48953946666668,102632.37121766666,1026.3237121766665,-27.660460533333293,3.3591744073470804,2014-01-01 06:00:00,2014-01-02 02:00:00,2014-01-01 21:00:00-05:00
Baltimore_Washington_MD,20140101,21,3,0.8020723999999996,-3.1,99.906908,245.0393092,102619.4,1026.194,-28.110690799999986,3.2020805946824265,2014-01-01 06:00:00,2014-01-02 03:00:00,2014-01-01 22:00:00-05:00
Baltimore_Washington_MD,20140101,22,4,0.7987390666666663,-2.9966666666666666,99.93793866666667,244.70620613333332,102596.370176,1025.96370176,-28.443793866666653,3.1012892815296427,2014-01-01 06:00:00,2014-01-02 04:00:00,2014-01-01 23:00:00-05:00
Baltimore_Washington_MD,20140101,23,5,0.7954057333333329,-2.8933333333333335,99.96896933333333,244.37310306666666,102573.34035200001,1025.7334035200001,-28.77689693333332,3.000674600551902,2014-01-01 06:00:00,2014-01-02 05:00:00,2014-01-02 00:00:00-05:00
Baltimore_Washington_MD,20140101,24,6,0.7920723999999996,-2.79,100.0,244.04,102550.31052800002,1025.5031052800002,-29.109999999999985,2.9002549348017252,2014-01-01 06:00:00,2014-01-02 06:00:00,2014-01-02 01:00:00-05:00
Baltimore_Washington_MD,20140101,25,7,0.6251754666666662,-2.546666666666667,99.964364,243.35976973333334,102555.20701866668,1025.552070186667,-29.79023026666664,2.6222805866712653,2014-01-01 06:00:00,2014-01-02 07:00:00,2014-01-02 02:00:00-05:00
Baltimore_Washington_MD,20140101,26,8,0.45827853333333296,-2.3033333333333332,99.92872799999999,242.67953946666665,102560.10350933333,1025.6010350933334,-30.470460533333323,2.3484811386422915,2014-01-01 06:00:00,2014-01-02 08:00:00,2014-01-02 03:00:00-05:00
Baltimore_Washington_MD,20140101,27,9,0.2913815999999997,-2.06,99.893092,241.9993092,102565.0,1025.65,-31.15069079999998,2.0805055243422355,2014-01-01 06:00:00,2014-01-02 09:00:00,2014-01-02 04:00:00-05:00
Baltimore_Washington_MD,20140101,28,10,0.4344846666666664,-1.8566666666666667,99.86666666666666,241.7464364,102540.704551,1025.40704551,-31.403563599999984,1.906826692879968,2014-01-01 06:00:00,2014-01-02 10:00:00,2014-01-02 05:00:00-05:00
Baltimore_Washington_MD,20140101,29,11,0.5775877333333331,-1.6533333333333333,99.84024133333334,241.49356360000002,102516.40910199999,1025.16409102,-31.65643639999996,1.7513191316285701,2014-01-01 06:00:00,2014-01-02 11:00:00,2014-01-02 06:00:00-05:00
Baltimore_Washington_MD,20140101,30,12,0.7206907999999999,-1.45,99.813816,241.2406908,102492.113653,1024.92113653,-31.909309199999967,1.6192267380464787,2014-01-01 06:00:00,2014-01-02 12:00:00,2014-01-02 07:00:00-05:00
Baltimore_Washington_MD,20140101,31,13,0.6640241333333332,-1.33,99.84484666666667,241.29184213333335,102478.81014366666,1024.7881014366667,-31.85815786666663,1.4865490404453814,2014-01-01 06:00:00,2014-01-02 13:00:00,2014-01-02 08:00:00-05:00
Baltimore_Washington_MD,20140101,32,14,0.6073574666666666,-1.21,99.87587733333334,241.34299346666666,102465.50663433333,1024.6550663433334,-31.807006533333322,1.3538770595278402,2014-01-01 06:00:00,2014-01-02 14:00:00,2014-01-02 09:00:00-05:00
Baltimore_Washington_MD,20140101,33,15,0.5506907999999999,-1.09,99.906908,241.3941448,102452.203125,1024.52203125,-31.755855199999985,1.2212126584688845,2014-01-01 06:00:00,2014-01-02 15:00:00,2014-01-02 10:00:00-05:00
Baltimore_Washington_MD,20140101,34,16,0.7006908,-1.1097697333333336,99.90460533333334,241.14081146666666,102429.53541666667,1024.2953541666666,-32.009188533333315,1.3124619835360483,2014-01-01 06:00:00,2014-01-02 16:00:00,2014-01-02 11:00:00-05:00
Baltimore_Washington_MD,20140101,35,17,0.8506908,-1.129539466666667,99.90230266666667,240.88747813333333,102406.86770833333,1024.0686770833333,-32.262521866666646,1.4140488831586617,2014-01-01 06:00:00,2014-01-02 17:00:00,2014-01-02 12:00:00-05:00
Baltimore_Washington_MD,20140101,36,18,1.0006908,-1.1493092000000005,99.9,240.6341448,102384.2,1023.842,-32.515855199999976,1.5239073838029926,2014-01-01 06:00:00,2014-01-02 18:00:00,2014-01-02 13:00:00-05:00
Baltimore_Washington_MD,20140101,37,19,0.9409210666666666,-1.2793092000000004,99.93103066666667,240.49655706666667,102386.16666666667,1023.8616666666667,-32.65344293333331,1.5880694200512075,2014-01-01 06:00:00,2014-01-02 19:00:00,2014-01-02 14:00:00-05:00
Baltimore_Washington_MD,20140101,38,20,0.8811513333333333,-1.4093092000000003,99.96206133333334,240.35896933333333,102388.13333333333,1023.8813333333333,-32.79103066666664,1.6621011080676626,2014-01-01 06:00:00,2014-01-02 20:00:00,2014-01-02 15:00:00-05:00
Baltimore_Washington_MD,20140101,39,21,0.8213815999999998,-1.5393092000000002,99.993092,240.2213816,102390.1,1023.9010000000001,-32.928618399999976,1.7447465563866864,2014-01-01 06:00:00,2014-01-02 21:00:00,2014-01-02 16:00:00-05:00
Baltimore_Washington_MD,20140101,40,22,0.8780482666666665,-1.6126425333333334,99.964364,240.6713816,102381.96666666667,1023.8196666666668,-32.47861839999999,1.8361875445912623,2014-01-01 06:00:00,2014-01-02 22:00:00,2014-01-02 17:00:00-05:00
Baltimore_Washington_MD,20140101,41,23,0.9347149333333331,-1.6859758666666667,99.935636,241.1213816,102373.83333333333,1023.7383333333332,-32.02861839999997,1.9277465159036742,2014-01-01 06:00:00,2014-01-02 23:00:00,2014-01-02 18:00:00-05:00
Baltimore_Washington_MD,20140101,42,24,0.9913815999999998,-1.7593092,99.906908,241.5713816,102365.7,1023.6569999999999,-31.578618399999982,2.019407422493836,2014-01-01 06:00:00,2014-01-03 00:00:00,2014-01-02 19:00:00-05:00
Baltimore_Washington_MD,20140101,43,25,1.1180482666666665,-1.7093092,99.60230266666667,242.23184213333332,102354.06770833333,1023.5406770833333,-30.91815786666666,2.0424910936895118,2014-01-01 06:00:00,2014-01-03 01:00:00,2014-01-02 20:00:00-05:00
Baltimore_Washington_MD,20140101,44,26,1.244714933333333,-1.6593092,99.29769733333333,242.89230266666667,102342.43541666667,1023.4243541666667,-30.25769733333331,2.074276328377597,2014-01-01 06:00:00,2014-01-03 02:00:00,2014-01-02 21:00:00-05:00
Baltimore_Washington_MD,20140101,45,27,1.3713815999999996,-1.6093092000000002,98.993092,243.5527632,102330.803125,1023.3080312500001,-29.59723679999999,2.1143707323984597,2014-01-01 06:00:00,2014-01-03 03:00:00,2014-01-02 22:00:00-05:00
Baltimore_Washington_MD,20140101,46,28,1.5713815999999998,-1.8124122666666669,97.25975866666667,244.14873906666665,102311.50208333334,1023.1150208333333,-29.001260933333327,2.398766007175849,2014-01-01 06:00:00,2014-01-03 04:00:00,2014-01-02 23:00:00-05:00
Baltimore_Washington_MD,20140101,47,29,1.7713815999999998,-2.0155153333333335,95.52642533333334,244.74471493333334,102292.20104166666,1022.9220104166666,-28.405285066666636,2.68329924378932,2014-01-01 06:00:00,2014-01-03 05:00:00,2014-01-03 00:00:00-05:00
Baltimore_Washington_MD,20140101,48,30,1.9713816,-2.2186184000000004,93.793092,245.3406908,102272.9,1022.7289999999999,-27.809309199999973,2.9679307636191785,2014-01-01 06:00:00,2014-01-03 06:00:00,2014-01-03 01:00:00-05:00
Baltimore_Washington_MD,20140102,18,0,2.3213816,-1.6786184000000002,92.486184,244.8920724,102442.1,1024.421,-28.257927599999988,2.864711550162969,2014-01-02 06:00:00,2014-01-03 00:00:00,2014-01-02 19:00:00-05:00
Baltimore_Washington_MD,20140102,19,1,2.361611866666667,-1.712182,90.957456,244.96161186666666,102411.43333333333,1024.1143333333334,-28.18838813333332,2.9169809409567318,2014-01-02 06:00:00,2014-01-03 01:00:00,2014-01-02 20:00:00-05:00
Baltimore_Washington_MD,20140102,20,2,2.401842133333333,-1.7457456,89.428728,245.03115133333333,102380.76666666668,1023.8076666666668,-28.11884866666665,2.96925467640864,2014-01-02 06:00:00,2014-01-03 02:00:00,2014-01-02 21:00:00-05:00
Baltimore_Washington_MD,20140102,21,3,2.4420724,-1.7793092,87.9,245.1006908,102350.1,1023.5010000000001,-28.049309199999982,3.021532531025671,2014-01-02 06:00:00,2014-01-03 03:00:00,2014-01-02 22:00:00-05:00
Baltimore_Washington_MD,20140102,22,4,2.271842133333333,-1.855975866666667,87.60460533333334,244.6966666666667,102327.46666666667,1023.2746666666667,-28.45333333333329,2.933583661059905,2014-01-02 06:00:00,2014-01-03 04:00:00,2014-01-02 23:00:00-05:00
Baltimore_Washington_MD,20140102,23,5,2.1016118666666666,-1.932642533333334,87.30921066666666,244.29264253333335,102304.83333333333,1023.0483333333333,-28.857357466666627,2.855149663286189,2014-01-02 06:00:00,2014-01-03 05:00:00,2014-01-03 00:00:00-05:00
Baltimore_Washington_MD,20140102,24,6,1.9313816,-2.009309200000001,87.01381599999999,243.88861840000004,102282.2,1022.822,-29.261381599999936,2.7870339692984016,2014-01-02 06:00:00,2014-01-03 06:00:00,2014-01-03 01:00:00-05:00
Baltimore_Washington_MD,20140102,25,7,1.8213815999999998,-2.072642533333334,88.01381599999999,243.5252850666667,102284.634375,1022.84634375,-29.62471493333328,2.759216918584144,2014-01-02 06:00:00,2014-01-03 07:00:00,2014-01-03 02:00:00-05:00
Baltimore_Washington_MD,20140102,26,8,1.7113816,-2.135975866666667,89.01381599999999,243.16195173333335,102287.06875,1022.8706875,-29.988048266666624,2.737009295526959,2014-01-02 06:00:00,2014-01-03 08:00:00,2014-01-03 03:00:00-05:00
Baltimore_Washington_MD,20140102,27,9,1.6013815999999998,-2.1993092,90.01381599999999,242.7986184,102289.503125,1022.89503125,-30.351381599999968,2.7205484715445154,2014-01-02 06:00:00,2014-01-03 09:00:00,2014-01-03 04:00:00-05:00
Baltimore_Washington_MD,20140102,28,10,1.4447149333333333,-2.2726425333333333,91.97587733333333,242.56907893333334,102286.53541666667,1022.8653541666666,-30.580921066666633,2.6929733238396714,2014-01-02 06:00:00,2014-01-03 10:00:00,2014-01-03 05:00:00-05:00
Baltimore_Washington_MD,20140102,29,11,1.2880482666666666,-2.345975866666667,93.93793866666667,242.33953946666668,102283.56770833334,1022.8356770833334,-30.8104605333333,2.676316704772704,2014-01-02 06:00:00,2014-01-03 11:00:00,2014-01-03 06:00:00-05:00
Baltimore_Washington_MD,20140102,30,12,1.1313816,-2.4193092000000003,95.9,242.11,102280.6,1022.806,-31.039999999999964,2.670782905820539,2014-01-02 06:00:00,2014-01-03 12:00:00,2014-01-03 07:00:00-05:00
Baltimore_Washington_MD,20140102,31,13,1.0747149333333332,-2.4526425333333335,96.80230266666668,242.15,102301.0,1023.01,-30.99999999999997,2.6777728776439242,2014-01-02 06:00:00,2014-01-03 13:00:00,2014-01-03 08:00:00-05:00
Baltimore_Washington_MD,20140102,32,14,1.0180482666666664,-2.485975866666667,97.70460533333333,242.19,102321.40000000001,1023.214,-30.95999999999998,2.6863540874039837,2014-01-02 06:00:00,2014-01-03 14:00:00,2014-01-03 09:00:00-05:00
Baltimore_Washington_MD,20140102,33,15,0.9613815999999996,-2.5193092000000004,98.606908,242.23,102341.8,1023.418,-30.919999999999987,2.6965113435739894,2014-01-02 06:00:00,2014-01-03 15:00:00,2014-01-03 10:00:00-05:00
Baltimore_Washington_MD,20140102,34,16,0.8849451999999997,-2.6462061333333335,98.77357466666668,242.41,102337.46666666667,1023.3746666666667,-30.73999999999998,2.790257139959325,2014-01-02 06:00:00,2014-01-03 16:00:00,2014-01-03 11:00:00-05:00
Baltimore_Washington_MD,20140102,35,17,0.8085087999999996,-2.7731030666666667,98.94024133333333,242.59,102333.13333333333,1023.3313333333333,-30.559999999999974,2.8885614236213693,2014-01-02 06:00:00,2014-01-03 17:00:00,2014-01-03 12:00:00-05:00
Baltimore_Washington_MD,20140102,36,18,0.7320723999999996,-2.9,99.106908,242.77,102328.8,1023.288,-30.379999999999967,2.990974757306012,2014-01-02 06:00:00,2014-01-03 18:00:00,2014-01-03 13:00:00-05:00
Baltimore_Washington_MD,20140102,37,19,0.6420723999999997,-2.9466666666666668,99.13333333333334,242.78333333333333,102377.63333333333,1023.7763333333334,-30.366666666666646,3.0158085833298847,2014-01-02 06:00:00,2014-01-03 19:00:00,2014-01-03 14:00:00-05:00
Baltimore_Washington_MD,20140102,38,20,0.5520723999999996,-2.993333333333333,99.15975866666666,242.79666666666668,102426.46666666667,1024.2646666666667,-30.353333333333296,3.043818059491435,2014-01-02 06:00:00,2014-01-03 20:00:00,2014-01-03 15:00:00-05:00
Baltimore_Washington_MD,20140102,39,21,0.4620723999999996,-3.04,99.186184,242.81,102475.3,1024.753,-30.339999999999975,3.074916405829882,2014-01-02 06:00:00,2014-01-03 21:00:00,2014-01-03 16:00:00-05:00
Baltimore_Washington_MD,20140102,40,22,0.3451754666666663,-3.033333333333333,99.42412266666666,242.62023026666668,102508.13684266667,1025.0813684266668,-30.529769733333296,3.052909630811181,2014-01-02 06:00:00,2014-01-03 22:00:00,2014-01-03 17:00:00-05:00
Baltimore_Washington_MD,20140102,41,23,0.228278533333333,-3.026666666666667,99.66206133333334,242.43046053333333,102540.97368533333,1025.4097368533332,-30.719539466666646,3.0352631187249535,2014-01-02 06:00:00,2014-01-03 23:00:00,2014-01-03 18:00:00-05:00
Baltimore_Washington_MD,20140102,42,24,0.1113815999999997,-3.02,99.9,242.2406908,102573.810528,1025.7381052800001,-30.909309199999967,3.0220532524789436,2014-01-02 06:00:00,2014-01-04 00:00:00,2014-01-03 19:00:00-05:00
Baltimore_Washington_MD,20140102,43,25,0.16471493333333304,-3.0966666666666667,99.86436400000001,242.22402413333333,102599.17368533333,1025.9917368533334,-30.925975866666647,3.101044252136278,2014-01-02 06:00:00,2014-01-04 01:00:00,2014-01-03 20:00:00-05:00
Baltimore_Washington_MD,20140102,44,26,0.21804826666666638,-3.1733333333333333,99.828728,242.20735746666668,102624.53684266667,1026.2453684266666,-30.9426425333333,3.180815853054179,2014-01-02 06:00:00,2014-01-04 02:00:00,2014-01-03 21:00:00-05:00
Baltimore_Washington_MD,20140102,45,27,0.2713815999999997,-3.25,99.793092,242.1906908,102649.9,1026.499,-30.95930919999998,3.2613107752587087,2014-01-02 06:00:00,2014-01-04 03:00:00,2014-01-03 22:00:00-05:00
Baltimore_Washington_MD,20140102,46,28,0.10161186666666636,-3.2302302666666667,99.69539466666667,242.1271272,102683.36770833333,1026.8336770833332,-31.022872799999988,3.231828050366679,2014-01-02 06:00:00,2014-01-04 04:00:00,2014-01-03 23:00:00-05:00
Baltimore_Washington_MD,20140102,47,29,-0.06815786666666701,-3.2104605333333334,99.59769733333333,242.0635636,102716.83541666667,1027.1683541666666,-31.086436399999968,3.2111839453509203,2014-01-02 06:00:00,2014-01-04 05:00:00,2014-01-04 00:00:00-05:00
Baltimore_Washington_MD,20140102,48,30,-0.2379276000000004,-3.1906908,99.5,242.0,102750.303125,1027.50303125,-31.149999999999977,3.1995495501783373,2014-01-02 06:00:00,2014-01-04 06:00:00,2014-01-04 01:00:00-05:00
Chicago_OHare_IL,20131231,18,0,1.9086324000000003,-2.0813676,97.5,249.9372648,102525.3,1025.253,-23.21273519999997,2.823998711872851,2013-12-31 06:00:00,2014-01-01 00:00:00,2013-12-31 19:00:00-05:00
Chicago_OHare_IL,20131231,19,1,1.5477206666666672,-2.4009117333333334,98.0,249.61393146666668,102523.1,1025.231,-23.536068533333292,2.8565392371337706,2013-12-31 06:00:00,2014-01-01 01:00:00,2013-12-31 20:00:00-05:00
Chicago_OHare_IL,20131231,20,2,1.1868089333333338,-2.7204558666666667,98.5,249.29059813333333,102520.9,1025.2089999999998,-23.859401866666644,2.9680625948117894,2013-12-31 06:00:00,2014-01-01 02:00:00,2013-12-31 21:00:00-05:00
Chicago_OHare_IL,20131231,21,3,0.8258972000000007,-3.04,99.0,248.9672648,102518.7,1025.187,-24.182735199999968,3.1501914521133223,2013-12-31 06:00:00,2014-01-01 03:00:00,2013-12-31 22:00:00-05:00
Chicago_OHare_IL,20131231,22,4,0.6263530666666672,-3.07,98.83333333333333,248.94393146666667,102520.20104166666,1025.2020104166666,-24.20606853333331,3.133244032009434,2013-12-31 06:00:00,2014-01-01 04:00:00,2013-12-31 23:00:00-05:00
Chicago_OHare_IL,20131231,23,5,0.4268089333333338,-3.1,98.66666666666667,248.92059813333333,102521.70208333334,1025.2170208333334,-24.22940186666665,3.1292436571115934,2013-12-31 06:00:00,2014-01-01 05:00:00,2014-01-01 00:00:00-05:00
Chicago_OHare_IL,20131231,24,6,0.2272648000000004,-3.13,98.5,248.8972648,102523.203125,1025.23203125,-24.25273519999999,3.13823983935566,2013-12-31 06:00:00,2014-01-01 06:00:00,2014-01-01 01:00:00-05:00
Chicago_OHare_IL,20131231,25,7,0.23726480000000041,-3.0033333333333334,98.60455866666668,248.791054,102556.46875,1025.5646875,-24.358945999999975,3.0126907734498993,2013-12-31 06:00:00,2014-01-01 07:00:00,2014-01-01 02:00:00-05:00
Chicago_OHare_IL,20131231,26,8,0.2472648000000004,-2.8766666666666665,98.70911733333334,248.6848432,102589.734375,1025.89734375,-24.46515679999999,2.8872739725267067,2013-12-31 06:00:00,2014-01-01 08:00:00,2014-01-01 03:00:00-05:00
Chicago_OHare_IL,20131231,27,9,0.2572648000000004,-2.75,98.81367600000002,248.5786324,102623.0,1026.23,-24.571367599999974,2.7620074542475517,2013-12-31 06:00:00,2014-01-01 09:00:00,2014-01-01 04:00:00-05:00
Chicago_OHare_IL,20131231,28,10,0.46393146666666707,-2.6733333333333333,98.50911733333335,248.73575493333334,102632.93333333333,1026.3293333333334,-24.414245066666638,2.7132901645188254,2013-12-31 06:00:00,2014-01-01 10:00:00,2014-01-01 05:00:00-05:00
Chicago_OHare_IL,20131231,29,11,0.6705981333333337,-2.5966666666666667,98.20455866666667,248.89287746666668,102642.86666666667,1026.4286666666667,-24.257122533333302,2.6818612257549663,2013-12-31 06:00:00,2014-01-01 11:00:00,2014-01-01 06:00:00-05:00
Chicago_OHare_IL,20131231,30,12,0.8772648000000004,-2.52,97.9,249.05,102652.8,1026.528,-24.099999999999966,2.6683316003298843,2013-12-31 06:00:00,2014-01-01 12:00:00,2014-01-01 07:00:00-05:00
Chicago_OHare_IL,20131231,31,13,1.093931466666667,-2.4537891999999997,97.83333333333334,249.07666666666668,102657.46770833334,1026.5746770833334,-24.073333333333295,2.686590309630429,2013-12-31 06:00:00,2014-01-01 13:00:00,2014-01-01 08:00:00-05:00
Chicago_OHare_IL,20131231,32,14,1.3105981333333339,-2.3875783999999998,97.76666666666667,249.10333333333332,102662.13541666667,1026.6213541666666,-24.046666666666653,2.7236369220664085,2013-12-31 06:00:00,2014-01-01 14:00:00,2014-01-01 09:00:00-05:00
Chicago_OHare_IL,20131231,33,15,1.5272648000000004,-2.3213675999999994,97.7,249.13,102666.803125,1026.66803125,-24.019999999999982,2.7787200837163857,2013-12-31 06:00:00,2014-01-01 15:00:00,2014-01-01 10:00:00-05:00
Chicago_OHare_IL,20131231,34,16,1.8072648000000004,-2.331823466666666,98.19544133333333,248.8242450666667,102649.90208333333,1026.4990208333334,-24.325754933333286,2.950187576581596,2013-12-31 06:00:00,2014-01-01 16:00:00,2014-01-01 11:00:00-05:00
Chicago_OHare_IL,20131231,35,17,2.0872648000000007,-2.3422793333333334,98.69088266666667,248.51849013333336,102633.00104166668,1026.3300104166667,-24.63150986666662,3.137347099171446,2013-12-31 06:00:00,2014-01-01 17:00:00,2014-01-01 12:00:00-05:00
Chicago_OHare_IL,20131231,36,18,2.3672648000000005,-2.3527352,99.186324,248.21273520000005,102616.1,1026.161,-24.937264799999923,3.3375598203834613,2013-12-31 06:00:00,2014-01-01 18:00:00,2014-01-01 13:00:00-05:00
Chicago_OHare_IL,20131231,37,19,2.4134756000000004,-2.488946,99.286324,247.5656126666667,102638.56039466668,1026.3856039466668,-25.584387333333268,3.466946302253809,2013-12-31 06:00:00,2014-01-01 19:00:00,2014-01-01 14:00:00-05:00
Chicago_OHare_IL,20131231,38,20,2.4596864000000007,-2.6251568,99.386324,246.91849013333334,102661.02078933334,1026.6102078933334,-26.23150986666664,3.597430390004955,2013-12-31 06:00:00,2014-01-01 20:00:00,2014-01-01 15:00:00-05:00
Chicago_OHare_IL,20131231,39,21,2.5058972000000006,-2.7613676,99.486324,246.2713676,102683.48118400002,1026.8348118400002,-26.878632399999987,3.7288968609090816,2013-12-31 06:00:00,2014-01-01 21:00:00,2014-01-01 16:00:00-05:00
Chicago_OHare_IL,20131231,40,22,2.4863530666666676,-2.7918234666666666,98.624216,245.9875784,102662.68745600001,1026.62687456,-27.162421599999988,3.7384796162549057,2013-12-31 06:00:00,2014-01-01 22:00:00,2014-01-01 17:00:00-05:00
Chicago_OHare_IL,20131231,41,23,2.466808933333334,-2.8222793333333334,97.762108,245.7037892,102641.89372800001,1026.4189372800001,-27.44621079999999,3.7483872463945858,2013-12-31 06:00:00,2014-01-01 23:00:00,2014-01-01 18:00:00-05:00
Chicago_OHare_IL,20131231,42,24,2.447264800000001,-2.8527352,96.9,245.42,102621.1,1026.211,-27.72999999999999,3.758617182241108,2013-12-31 06:00:00,2014-01-02 00:00:00,2014-01-01 19:00:00-05:00
Chicago_OHare_IL,20131231,43,25,2.243475600000001,-2.8689459999999998,97.36666666666667,245.18287746666667,102613.52706133334,1026.1352706133334,-27.96712253333331,3.6419821414596973,2013-12-31 06:00:00,2014-01-02 01:00:00,2014-01-01 20:00:00-05:00
Chicago_OHare_IL,20131231,44,26,2.039686400000001,-2.8851568,97.83333333333333,244.94575493333335,102605.95412266666,1026.0595412266666,-28.20424506666663,3.5333341719870206,2013-12-31 06:00:00,2014-01-02 02:00:00,2014-01-01 21:00:00-05:00
Chicago_OHare_IL,20131231,45,27,1.835897200000001,-2.9013675999999995,98.3,244.70863240000003,102598.381184,1025.98381184,-28.44136759999995,3.43343158943026,2013-12-31 06:00:00,2014-01-02 03:00:00,2014-01-01 22:00:00-05:00
Chicago_OHare_IL,20131231,46,28,1.813019733333334,-2.8813675999999995,98.59544133333333,244.90621080000003,102584.787456,1025.84787456,-28.243789199999952,3.404309004744697,2013-12-31 06:00:00,2014-01-02 04:00:00,2014-01-01 23:00:00-05:00
Chicago_OHare_IL,20131231,47,29,1.7901422666666673,-2.8613675999999995,98.89088266666667,245.1037892,102571.193728,1025.71193728,-28.046210799999983,3.375208716099825,2013-12-31 06:00:00,2014-01-02 05:00:00,2014-01-02 00:00:00-05:00
Chicago_OHare_IL,20131231,48,30,1.7672648000000004,-2.8413675999999994,99.186324,245.3013676,102557.6,1025.576,-27.848632399999985,3.3461313052013963,2013-12-31 06:00:00,2014-01-02 06:00:00,2014-01-02 01:00:00-05:00
Chicago_OHare_IL,20140101,18,0,1.7558972000000006,-3.2413676,100.0,246.3513676,102669.403125,1026.69403125,-26.798632399999974,3.6864127407681306,2014-01-01 06:00:00,2014-01-02 00:00:00,2014-01-01 19:00:00-05:00
Chicago_OHare_IL,20140101,19,1,1.659230533333334,-3.1113676,99.97122533333334,245.85803426666666,102655.40208333333,1026.5540208333334,-27.291965733333313,3.526138724593146,2014-01-01 06:00:00,2014-01-02 01:00:00,2014-01-01 20:00:00-05:00
Chicago_OHare_IL,20140101,20,2,1.5625638666666672,-2.9813676,99.94245066666666,245.36470093333335,102641.40104166669,1026.4140104166668,-27.785299066666624,3.3660300954896476,2014-01-01 06:00:00,2014-01-02 02:00:00,2014-01-01 21:00:00-05:00
Chicago_OHare_IL,20140101,21,3,1.4658972000000006,-2.8513676,99.913676,244.8713676,102627.40000000002,1026.2740000000003,-28.278632399999964,3.206111631134762,2014-01-01 06:00:00,2014-01-02 03:00:00,2014-01-01 22:00:00-05:00
Chicago_OHare_IL,20140101,22,4,1.4592305333333337,-2.7547009333333334,99.93789199999999,244.55470093333335,102604.33333333334,1026.0433333333335,-28.595299066666627,3.117327538376393,2014-01-01 06:00:00,2014-01-02 04:00:00,2014-01-01 23:00:00-05:00
Chicago_OHare_IL,20140101,23,5,1.4525638666666671,-2.6580342666666668,99.962108,244.23803426666666,102581.26666666668,1025.8126666666667,-28.911965733333318,3.0290407639250785,2014-01-01 06:00:00,2014-01-02 05:00:00,2014-01-02 00:00:00-05:00
Chicago_OHare_IL,20140101,24,6,1.4458972000000003,-2.5613676,99.986324,243.9213676,102558.2,1025.5819999999999,-29.22863239999998,2.94129609106217,2014-01-01 06:00:00,2014-01-02 06:00:00,2014-01-02 01:00:00-05:00
Chicago_OHare_IL,20140101,25,7,1.236353066666667,-2.3680342666666667,99.99088266666666,243.24470093333332,102562.06666666667,1025.6206666666667,-29.905299066666657,2.6713583049758807,2014-01-01 06:00:00,2014-01-02 07:00:00,2014-01-02 02:00:00-05:00
Chicago_OHare_IL,20140101,26,8,1.0268089333333337,-2.1747009333333334,99.99544133333333,242.56803426666667,102565.93333333333,1025.6593333333333,-30.581965733333305,2.404924268041306,2014-01-01 06:00:00,2014-01-02 08:00:00,2014-01-02 03:00:00-05:00
Chicago_OHare_IL,20140101,27,9,0.8172648000000005,-1.9813676,100.0,241.8913676,102569.8,1025.698,-31.258632399999982,2.143301033370908,2014-01-01 06:00:00,2014-01-02 09:00:00,2014-01-02 04:00:00-05:00
Chicago_OHare_IL,20140101,28,10,0.9205981333333338,-1.7647009333333334,99.97122533333334,241.79333333333332,102545.46770833334,1025.4546770833333,-31.356666666666655,1.990394510443685,2014-01-01 06:00:00,2014-01-02 10:00:00,2014-01-02 05:00:00-05:00
Chicago_OHare_IL,20140101,29,11,1.0239314666666672,-1.5480342666666667,99.94245066666666,241.69529906666668,102521.13541666667,1025.2113541666668,-31.4547009333333,1.8560295631277959,2014-01-01 06:00:00,2014-01-02 11:00:00,2014-01-02 06:00:00-05:00
Chicago_OHare_IL,20140101,30,12,1.1272648000000005,-1.3313676,99.913676,241.5972648,102496.803125,1024.96803125,-31.552735199999972,1.7444958055692772,2014-01-01 06:00:00,2014-01-02 12:00:00,2014-01-02 07:00:00-05:00
Chicago_OHare_IL,20140101,31,13,1.033931466666667,-1.2309117333333335,99.913676,241.84635306666667,102483.003125,1024.83003125,-31.30364693333331,1.60753163981962,2014-01-01 06:00:00,2014-01-02 13:00:00,2014-01-02 08:00:00-05:00
Chicago_OHare_IL,20140101,32,14,0.9405981333333338,-1.1304558666666666,99.913676,242.09544133333333,102469.203125,1024.69203125,-31.05455866666665,1.4705969246912072,2014-01-01 06:00:00,2014-01-02 14:00:00,2014-01-02 09:00:00-05:00
Chicago_OHare_IL,20140101,33,15,0.8472648000000004,-1.03,99.913676,242.3445296,102455.403125,1024.55403125,-30.80547039999999,1.3337007315432652,2014-01-01 06:00:00,2014-01-02 15:00:00,2014-01-02 10:00:00-05:00
Chicago_OHare_IL,20140101,34,16,0.9843873333333336,-1.02,99.94245066666666,242.3793728,102432.73541666666,1024.3273541666667,-30.77062719999998,1.417539566300395,2014-01-01 06:00:00,2014-01-02 16:00:00,2014-01-02 11:00:00-05:00
Chicago_OHare_IL,20140101,35,17,1.121509866666667,-1.01,99.97122533333334,242.41421599999998,102410.06770833333,1024.1006770833333,-30.735783999999995,1.5092661730227326,2014-01-01 06:00:00,2014-01-02 17:00:00,2014-01-02 12:00:00-05:00
Chicago_OHare_IL,20140101,36,18,1.2586324000000002,-1.0,100.0,242.4490592,102387.4,1023.8739999999999,-30.700940799999984,1.607530876322368,2014-01-01 06:00:00,2014-01-02 18:00:00,2014-01-02 13:00:00-05:00
Chicago_OHare_IL,20140101,37,19,1.2286324000000002,-1.14,99.99544133333333,241.96088266666666,102389.9,1023.8989999999999,-31.189117333333314,1.6760482016725415,2014-01-01 06:00:00,2014-01-02 19:00:00,2014-01-02 14:00:00-05:00
Chicago_OHare_IL,20140101,38,20,1.1986324,-1.28,99.99088266666666,241.47270613333336,102392.4,1023.924,-31.677293866666616,1.7536019018949995,2014-01-01 06:00:00,2014-01-02 20:00:00,2014-01-02 15:00:00-05:00
Chicago_OHare_IL,20140101,39,21,1.1686324,-1.42,99.986324,240.98452960000003,102394.9,1023.949,-32.16547039999995,1.8390491255890256,2014-01-01 06:00:00,2014-01-02 21:00:00,2014-01-02 16:00:00-05:00
Chicago_OHare_IL,20140101,40,22,1.2348432,-1.4804558666666665,99.99088266666666,241.42452960000003,102386.23333333332,1023.8623333333333,-31.72547039999995,1.9278452483884672,2014-01-01 06:00:00,2014-01-02 22:00:00,2014-01-02 17:00:00-05:00
Chicago_OHare_IL,20140101,41,23,1.3010540000000004,-1.5409117333333333,99.99544133333333,241.8645296,102377.56666666667,1023.7756666666667,-31.28547039999998,2.016717749423637,2014-01-01 06:00:00,2014-01-02 23:00:00,2014-01-02 18:00:00-05:00
Chicago_OHare_IL,20140101,42,24,1.3672648000000005,-1.6013676,100.0,242.3045296,102368.9,1023.689,-30.845470399999982,2.1056569577328594,2014-01-01 06:00:00,2014-01-03 00:00:00,2014-01-02 19:00:00-05:00
Chicago_OHare_IL,20140101,43,25,1.5039314666666672,-1.5380342666666664,98.44700933333333,243.21316199999998,102358.33437499999,1023.5833437499999,-29.936837999999995,2.1511297640707365,2014-01-01 06:00:00,2014-01-03 01:00:00,2014-01-02 20:00:00-05:00
Chicago_OHare_IL,20140101,44,26,1.6405981333333337,-1.474700933333333,96.89401866666667,244.1217944,102347.76875,1023.4776875,-29.02820559999998,2.2059703257004664,2014-01-01 06:00:00,2014-01-03 02:00:00,2014-01-02 21:00:00-05:00
Chicago_OHare_IL,20140101,45,27,1.7772648000000004,-1.4113675999999995,95.341028,245.0304268,102337.203125,1023.37203125,-28.11957319999999,2.2694996522689315,2014-01-01 06:00:00,2014-01-03 03:00:00,2014-01-02 22:00:00-05:00
Chicago_OHare_IL,20140101,46,28,1.9834756000000004,-1.5618234666666664,94.76068533333333,245.09740706666665,102318.43541666666,1023.1843541666666,-28.05259293333333,2.5245728345258818,2014-01-01 06:00:00,2014-01-03 04:00:00,2014-01-02 23:00:00-05:00
Chicago_OHare_IL,20140101,47,29,2.1896864000000003,-1.712279333333333,94.18034266666666,245.16438733333334,102299.66770833333,1022.9966770833333,-27.98561266666664,2.779681105038023,2014-01-01 06:00:00,2014-01-03 05:00:00,2014-01-03 00:00:00-05:00
Chicago_OHare_IL,20140101,48,30,2.3958972000000003,-1.8627352,93.6,245.2313676,102280.9,1022.809,-27.91863239999998,3.0348156152041397,2014-01-01 06:00:00,2014-01-03 06:00:00,2014-01-03 01:00:00-05:00
Chicago_OHare_IL,20140102,18,0,2.6886324,-1.1541027999999995,91.1,245.4858972,102446.9,1024.469,-27.664102799999966,2.9258669578942924,2014-01-02 06:00:00,2014-01-03 00:00:00,2014-01-02 19:00:00-05:00
Chicago_OHare_IL,20140102,19,1,2.711509866666667,-1.2236469333333329,89.79544133333333,245.32772066666666,102416.23333333332,1024.1623333333332,-27.822279333333313,2.9748273184315686,2014-01-02 06:00:00,2014-01-03 01:00:00,2014-01-02 20:00:00-05:00
Chicago_OHare_IL,20140102,20,2,2.7343873333333337,-1.2931910666666664,88.49088266666668,245.16954413333335,102385.56666666667,1023.8556666666667,-27.98045586666663,3.0247673007357525,2014-01-02 06:00:00,2014-01-03 02:00:00,2014-01-02 21:00:00-05:00
Chicago_OHare_IL,20140102,21,3,2.7572648000000006,-1.3627351999999997,87.18632400000001,245.0113676,102354.9,1023.549,-28.138632399999977,3.075639186029155,2014-01-02 06:00:00,2014-01-03 03:00:00,2014-01-02 22:00:00-05:00
Chicago_OHare_IL,20140102,22,4,2.593931466666667,-1.4894018666666664,87.38632400000002,244.46227933333333,102332.72706133332,1023.3272706133332,-28.68772066666665,2.991119919728,2014-01-02 06:00:00,2014-01-03 04:00:00,2014-01-02 23:00:00-05:00
Chicago_OHare_IL,20140102,23,5,2.430598133333334,-1.616068533333333,87.586324,243.91319106666668,102310.55412266667,1023.1055412266667,-29.236808933333293,2.9188156485454226,2014-01-02 06:00:00,2014-01-03 05:00:00,2014-01-03 00:00:00-05:00
Chicago_OHare_IL,20140102,24,6,2.2672648000000004,-1.7427351999999996,87.78632400000001,243.3641028,102288.381184,1022.88381184,-29.785897199999965,2.8596530647332172,2014-01-02 06:00:00,2014-01-03 06:00:00,2014-01-03 01:00:00-05:00
Chicago_OHare_IL,20140102,25,7,2.1743873333333337,-1.8356126666666663,88.95299066666666,243.15940186666668,102290.88849766666,1022.9088849766666,-29.990598133333293,2.8455990823353097,2014-01-02 06:00:00,2014-01-03 07:00:00,2014-01-03 02:00:00-05:00
Chicago_OHare_IL,20140102,26,8,2.081509866666667,-1.9284901333333333,90.11965733333334,242.95470093333333,102293.39581133334,1022.9339581133333,-30.19529906666665,2.837561897015588,2014-01-02 06:00:00,2014-01-03 08:00:00,2014-01-03 03:00:00-05:00
Chicago_OHare_IL,20140102,27,9,1.9886324,-2.0213676,91.286324,242.75,102295.903125,1022.95903125,-30.399999999999977,2.8355926711464607,2014-01-02 06:00:00,2014-01-03 09:00:00,2014-01-03 04:00:00-05:00
Chicago_OHare_IL,20140102,28,10,1.8381765333333335,-2.1213675999999997,93.32421599999999,242.5562108,102292.862478,1022.92862478,-30.593789199999975,2.8069722944886917,2014-01-02 06:00:00,2014-01-03 10:00:00,2014-01-03 05:00:00-05:00
Chicago_OHare_IL,20140102,29,11,1.6877206666666669,-2.2213675999999998,95.362108,242.3624216,102289.82183100001,1022.8982183100001,-30.787578399999973,2.789780468607438,2014-01-02 06:00:00,2014-01-03 11:00:00,2014-01-03 06:00:00-05:00
Chicago_OHare_IL,20140102,30,12,1.5372648000000004,-2.3213675999999994,97.4,242.1686324,102286.781184,1022.8678118400001,-30.98136759999997,2.7842289057562777,2014-01-02 06:00:00,2014-01-03 12:00:00,2014-01-03 07:00:00-05:00
Chicago_OHare_IL,20140102,31,13,1.4839314666666672,-2.3575783999999995,98.07122533333333,242.23196573333334,102307.25412266667,1023.0725412266667,-30.918034266666638,2.7857186702734436,2014-01-02 06:00:00,2014-01-03 13:00:00,2014-01-03 08:00:00-05:00
Chicago_OHare_IL,20140102,32,14,1.4305981333333337,-2.3937892,98.74245066666667,242.29529906666667,102327.72706133334,1023.2772706133334,-30.854700933333305,2.788698218368825,2014-01-02 06:00:00,2014-01-03 14:00:00,2014-01-03 09:00:00-05:00
Chicago_OHare_IL,20140102,33,15,1.3772648000000005,-2.43,99.413676,242.3586324,102348.2,1023.482,-30.791367599999973,2.793162782459884,2014-01-02 06:00:00,2014-01-03 15:00:00,2014-01-03 10:00:00-05:00
Chicago_OHare_IL,20140102,34,16,1.333931466666667,-2.5633333333333335,99.40911733333333,242.54196573333334,102343.86666666667,1023.4386666666667,-30.608034266666635,2.889645468831992,2014-01-02 06:00:00,2014-01-03 16:00:00,2014-01-03 11:00:00-05:00
Chicago_OHare_IL,20140102,35,17,1.2905981333333338,-2.6966666666666668,99.40455866666667,242.72529906666665,102339.53333333333,1023.3953333333333,-30.424700933333327,2.989591051109599,2014-01-02 06:00:00,2014-01-03 17:00:00,2014-01-03 12:00:00-05:00
Chicago_OHare_IL,20140102,36,18,1.2472648000000004,-2.83,99.4,242.9086324,102335.2,1023.352,-30.24136759999999,3.092663816407959,2014-01-02 06:00:00,2014-01-03 18:00:00,2014-01-03 13:00:00-05:00
Chicago_OHare_IL,20140102,37,19,1.1668089333333338,-2.8933333333333335,99.41965733333333,242.88575493333332,102384.56666666667,1023.8456666666666,-30.26424506666666,3.1197469231789063,2014-01-02 06:00:00,2014-01-03 19:00:00,2014-01-03 14:00:00-05:00
Chicago_OHare_IL,20140102,38,20,1.0863530666666672,-2.9566666666666666,99.43931466666668,242.86287746666667,102433.93333333333,1024.3393333333333,-30.287122533333303,3.1499271044317596,2014-01-02 06:00:00,2014-01-03 20:00:00,2014-01-03 15:00:00-05:00
Chicago_OHare_IL,20140102,39,21,1.0058972000000006,-3.02,99.458972,242.84,102483.3,1024.833,-30.309999999999974,3.1831162682138774,2014-01-02 06:00:00,2014-01-03 21:00:00,2014-01-03 16:00:00-05:00
Chicago_OHare_IL,20140102,40,22,0.8996864000000006,-3.026666666666667,99.53931466666667,242.66333333333333,102516.1,1025.161,-30.48666666666665,3.157553915526396,2014-01-02 06:00:00,2014-01-03 22:00:00,2014-01-03 17:00:00-05:00
Chicago_OHare_IL,20140102,41,23,0.7934756000000004,-3.033333333333333,99.61965733333334,242.48666666666668,102548.9,1025.489,-30.6633333333333,3.135397046453044,2014-01-02 06:00:00,2014-01-03 23:00:00,2014-01-03 18:00:00-05:00
Chicago_OHare_IL,20140102,42,24,0.6872648000000003,-3.04,99.7,242.31,102581.7,1025.817,-30.839999999999975,3.1167182909783553,2014-01-02 06:00:00,2014-01-04 00:00:00,2014-01-03 19:00:00-05:00
Chicago_OHare_IL,20140102,43,25,0.7534756000000005,-3.1033333333333335,99.60000000000001,242.29666666666668,102607.09999999999,1026.071,-30.853333333333296,3.1934938950267524,2014-01-02 06:00:00,2014-01-04 01:00:00,2014-01-03 20:00:00-05:00
Chicago_OHare_IL,20140102,44,26,0.8196864000000005,-3.1666666666666665,99.5,242.28333333333336,102632.5,1026.325,-30.866666666666617,3.2710340218534473,2014-01-02 06:00:00,2014-01-04 02:00:00,2014-01-03 21:00:00-05:00
Chicago_OHare_IL,20140102,45,27,0.8858972000000006,-3.23,99.4,242.27000000000004,102657.9,1026.579,-30.87999999999994,3.34928557291967,2014-01-02 06:00:00,2014-01-04 03:00:00,2014-01-03 22:00:00-05:00
Chicago_OHare_IL,20140102,46,28,0.7096864000000005,-3.2395441333333332,99.42877466666667,242.2066666666667,102690.83437499999,1026.9083437499999,-30.94333333333327,3.3163686432843043,2014-01-02 06:00:00,2014-01-04 04:00:00,2014-01-03 23:00:00-05:00
Chicago_OHare_IL,20140102,47,29,0.5334756000000005,-3.249088266666667,99.45754933333333,242.14333333333335,102723.76875,1027.2376875,-31.006666666666632,3.292593321439252,2014-01-02 06:00:00,2014-01-04 05:00:00,2014-01-04 00:00:00-05:00
Chicago_OHare_IL,20140102,48,30,0.3572648000000004,-3.2586324,99.486324,242.08,102756.703125,1027.56703125,-31.069999999999965,3.2781585159428763,2014-01-02 06:00:00,2014-01-04 06:00:00,2014-01-04 01:00:00-05:00
Cincinnati_OH,20131231,18,0,1.806896,-2.126552,97.5,249.83344800000003,102523.7,1025.237,-23.316551999999945,2.790536966879314,2013-12-31 06:00:00,2014-01-01 00:00:00,2013-12-31 19:00:00-05:00
Cincinnati_OH,20131231,19,1,1.428045333333333,-2.4277013333333333,98.05517333333333,249.50678133333335,102521.15056,1025.2115056,-23.643218666666627,2.816566569055941,2013-12-31 06:00:00,2014-01-01 01:00:00,2013-12-31 20:00:00-05:00
Cincinnati_OH,20131231,20,2,1.0491946666666658,-2.7288506666666668,98.61034666666667,249.18011466666667,102518.60112,1025.1860112000002,-23.96988533333331,2.9235997348352747,2013-12-31 06:00:00,2014-01-01 02:00:00,2013-12-31 21:00:00-05:00
Cincinnati_OH,20131231,21,3,0.6703439999999989,-3.03,99.16552,248.853448,102516.05168,1025.1605168,-24.29655199999999,3.103266195210459,2013-12-31 06:00:00,2014-01-01 03:00:00,2013-12-31 22:00:00-05:00
Cincinnati_OH,20131231,22,4,0.46586133333333235,-3.0566666666666666,98.95517333333333,248.843448,102517.90216166667,1025.1790216166667,-24.306551999999982,3.0919634365571373,2013-12-31 06:00:00,2014-01-01 04:00:00,2013-12-31 23:00:00-05:00
Cincinnati_OH,20131231,23,5,0.26137866666666576,-3.083333333333333,98.74482666666667,248.833448,102519.75264333333,1025.1975264333332,-24.316551999999973,3.094392226566129,2013-12-31 06:00:00,2014-01-01 05:00:00,2014-01-01 00:00:00-05:00
Cincinnati_OH,20131231,24,6,0.0568959999999992,-3.11,98.53448,248.823448,102521.603125,1025.21603125,-24.326551999999964,3.1105203993569948,2013-12-31 06:00:00,2014-01-01 06:00:00,2014-01-01 01:00:00-05:00
Cincinnati_OH,20131231,25,7,0.07356266666666586,-2.9899999999999998,98.67816,248.71678133333333,102554.86875,1025.5486875,-24.433218666666647,2.9909047905152564,2013-12-31 06:00:00,2014-01-01 07:00:00,2014-01-01 02:00:00-05:00
Cincinnati_OH,20131231,26,8,0.09022933333333252,-2.87,98.82184,248.61011466666668,102588.134375,1025.88134375,-24.539885333333302,2.8714180003255847,2013-12-31 06:00:00,2014-01-01 08:00:00,2014-01-01 03:00:00-05:00
Cincinnati_OH,20131231,27,9,0.1068959999999992,-2.75,98.96552,248.503448,102621.4,1026.214,-24.646551999999986,2.752076807579323,2013-12-31 06:00:00,2014-01-01 09:00:00,2014-01-01 04:00:00-05:00
Cincinnati_OH,20131231,28,10,0.3147119999999991,-2.6833333333333336,98.64368,248.683448,102630.98389333332,1026.3098389333331,-24.46655199999998,2.701725637573471,2013-12-31 06:00:00,2014-01-01 10:00:00,2014-01-01 05:00:00-05:00
Cincinnati_OH,20131231,29,11,0.522527999999999,-2.6166666666666667,98.32184,248.863448,102640.56778666667,1026.4056778666666,-24.286551999999972,2.6683290567747533,2013-12-31 06:00:00,2014-01-01 11:00:00,2014-01-01 06:00:00-05:00
Cincinnati_OH,20131231,30,12,0.7303439999999989,-2.5500000000000003,98.0,249.043448,102650.15168,1026.5015168,-24.106551999999965,2.6525275414849134,2013-12-31 06:00:00,2014-01-01 12:00:00,2014-01-01 07:00:00-05:00
Cincinnati_OH,20131231,31,13,0.9491946666666659,-2.495517333333334,97.88850666666667,249.0822986666667,102654.81938833333,1026.5481938833334,-24.067701333333275,2.6699395641466412,2013-12-31 06:00:00,2014-01-01 13:00:00,2014-01-01 08:00:00-05:00
Cincinnati_OH,20131231,32,14,1.1680453333333327,-2.441034666666667,97.77701333333333,249.12114933333336,102659.48709666666,1026.5948709666666,-24.028850666666614,2.7061005422175692,2013-12-31 06:00:00,2014-01-01 14:00:00,2014-01-01 09:00:00-05:00
Cincinnati_OH,20131231,33,15,1.3868959999999997,-2.3865520000000005,97.66552,249.16000000000005,102664.154805,1026.64154805,-23.989999999999924,2.7602737117032436,2013-12-31 06:00:00,2014-01-01 15:00:00,2014-01-01 10:00:00-05:00
Cincinnati_OH,20131231,34,16,1.672413333333333,-2.4132186666666673,98.12184,248.88436800000002,102647.25376333333,1026.4725376333333,-24.265631999999954,2.93608424447589,2013-12-31 06:00:00,2014-01-01 16:00:00,2014-01-01 11:00:00-05:00
Cincinnati_OH,20131231,35,17,1.9579306666666665,-2.4398853333333337,98.57816,248.60873600000002,102630.35272166667,1026.3035272166667,-24.541263999999956,3.128343481027761,2013-12-31 06:00:00,2014-01-01 17:00:00,2014-01-01 12:00:00-05:00
Cincinnati_OH,20131231,36,18,2.243448,-2.4665520000000005,99.03448,248.333104,102613.45168,1026.1345168,-24.816895999999986,3.33420720672966,2013-12-31 06:00:00,2014-01-01 18:00:00,2014-01-01 13:00:00-05:00
Cincinnati_OH,20131231,37,19,2.2790799999999996,-2.608736000000001,99.20114666666667,247.66092,102635.80112,1026.3580112,-25.489079999999973,3.4640596363365344,2013-12-31 06:00:00,2014-01-01 19:00:00,2014-01-01 14:00:00-05:00
Cincinnati_OH,20131231,38,20,2.314711999999999,-2.7509200000000007,99.36781333333333,246.988736,102658.15056,1026.5815056,-26.16126399999999,3.595198532674378,2013-12-31 06:00:00,2014-01-01 20:00:00,2014-01-01 15:00:00-05:00
Cincinnati_OH,20131231,39,21,2.350343999999999,-2.893104000000001,99.53448,246.316552,102680.5,1026.805,-26.833447999999976,3.72748811844545,2013-12-31 06:00:00,2014-01-01 21:00:00,2014-01-01 16:00:00-05:00
Cincinnati_OH,20131231,40,22,2.3270106666666655,-2.925288000000001,98.72298666666667,246.01218400000002,102660.16666666667,1026.6016666666667,-27.137815999999958,3.7379524509715805,2013-12-31 06:00:00,2014-01-01 22:00:00,2014-01-01 17:00:00-05:00
Cincinnati_OH,20131231,41,23,2.3036773333333325,-2.957472000000001,97.91149333333333,245.70781600000004,102639.83333333333,1026.3983333333333,-27.44218399999994,3.7488091291632575,2013-12-31 06:00:00,2014-01-01 23:00:00,2014-01-01 18:00:00-05:00
Cincinnati_OH,20131231,42,24,2.280343999999999,-2.989656000000001,97.1,245.40344800000005,102619.5,1026.195,-27.746551999999923,3.7600547544779186,2013-12-31 06:00:00,2014-01-02 00:00:00,2014-01-01 19:00:00-05:00
Cincinnati_OH,20131231,43,25,2.0725279999999993,-2.995288000000001,97.5,245.16229866666671,102611.46666666666,1026.1146666666666,-27.987701333333263,3.6424061434343096,2013-12-31 06:00:00,2014-01-02 01:00:00,2014-01-01 20:00:00-05:00
Cincinnati_OH,20131231,44,26,1.8647119999999993,-3.000920000000001,97.89999999999999,244.92114933333335,102603.43333333333,1026.0343333333333,-28.22885066666663,3.533082462856479,2013-12-31 06:00:00,2014-01-02 02:00:00,2014-01-01 21:00:00-05:00
Cincinnati_OH,20131231,45,27,1.6568959999999993,-3.006552000000001,98.3,244.68,102595.4,1025.954,-28.46999999999997,3.432879153643484,2013-12-31 06:00:00,2014-01-02 03:00:00,2014-01-01 22:00:00-05:00
Cincinnati_OH,20131231,46,28,1.6313786666666659,-2.9832186666666676,98.56666666666666,244.89000000000001,102581.73333333334,1025.8173333333334,-28.259999999999962,3.400145580295579,2013-12-31 06:00:00,2014-01-02 04:00:00,2014-01-01 23:00:00-05:00
Cincinnati_OH,20131231,47,29,1.6058613333333323,-2.9598853333333337,98.83333333333333,245.1,102568.06666666668,1025.6806666666669,-28.049999999999983,3.367448857574067,2013-12-31 06:00:00,2014-01-02 05:00:00,2014-01-02 00:00:00-05:00
Cincinnati_OH,20131231,48,30,1.5803439999999989,-2.9365520000000003,99.1,245.31,102554.40000000002,1025.5440000000003,-27.839999999999975,3.3347900694106665,2013-12-31 06:00:00,2014-01-02 06:00:00,2014-01-02 01:00:00-05:00
Cincinnati_OH,20140101,18,0,1.5403439999999988,-3.336552,99.9,246.37,102666.203125,1026.66203125,-26.779999999999973,3.674947467249021,2014-01-01 06:00:00,2014-01-02 00:00:00,2014-01-01 19:00:00-05:00
Cincinnati_OH,20140101,19,1,1.4503439999999987,-3.2020693333333337,99.9,245.88885066666666,102652.20208333334,1026.5220208333333,-27.26114933333332,3.5152163139428243,2014-01-01 06:00:00,2014-01-02 01:00:00,2014-01-01 20:00:00-05:00
Cincinnati_OH,20140101,20,2,1.3603439999999989,-3.067586666666667,99.9,245.40770133333334,102638.20104166666,1026.3820104166666,-27.742298666666642,3.355685288558376,2014-01-01 06:00:00,2014-01-02 02:00:00,2014-01-01 21:00:00-05:00
Cincinnati_OH,20140101,21,3,1.2703439999999988,-2.9331040000000006,99.9,244.926552,102624.2,1026.242,-28.22344799999999,3.196384356292591,2014-01-01 06:00:00,2014-01-02 03:00:00,2014-01-01 22:00:00-05:00
Cincinnati_OH,20140101,22,4,1.2636773333333322,-2.8342533333333337,99.91149333333334,244.606552,102601.31722666667,1026.0131722666667,-28.543447999999984,3.103203564107832,2014-01-01 06:00:00,2014-01-02 04:00:00,2014-01-01 23:00:00-05:00
Cincinnati_OH,20140101,23,5,1.2570106666666656,-2.7354026666666673,99.92298666666666,244.286552,102578.43445333334,1025.7843445333333,-28.863447999999977,3.0103992367991474,2014-01-01 06:00:00,2014-01-02 05:00:00,2014-01-02 00:00:00-05:00
Cincinnati_OH,20140101,24,6,1.250343999999999,-2.6365520000000005,99.93448,243.966552,102555.55168,1025.5555168,-29.18344799999997,2.9180072938633996,2014-01-01 06:00:00,2014-01-02 06:00:00,2014-01-02 01:00:00-05:00
Cincinnati_OH,20140101,25,7,1.0536773333333322,-2.4277013333333337,99.92298666666666,243.284368,102559.76778666666,1025.5976778666666,-29.865631999999977,2.646501404996583,2014-01-01 06:00:00,2014-01-02 07:00:00,2014-01-02 02:00:00-05:00
Cincinnati_OH,20140101,26,8,0.8570106666666657,-2.2188506666666665,99.91149333333334,242.602184,102563.98389333334,1025.6398389333333,-30.547815999999983,2.3786058025127983,2014-01-01 06:00:00,2014-01-02 08:00:00,2014-01-02 03:00:00-05:00
Cincinnati_OH,20140101,27,9,0.6603439999999989,-2.01,99.9,241.92,102568.2,1025.682,-31.22999999999999,2.1156923685488866,2014-01-01 06:00:00,2014-01-02 09:00:00,2014-01-02 04:00:00-05:00
Cincinnati_OH,20140101,28,10,0.7758613333333323,-1.7966666666666666,99.88965333333334,241.77229866666667,102543.86770833333,1025.4386770833332,-31.377701333333306,1.9570314048765,2014-01-01 06:00:00,2014-01-02 10:00:00,2014-01-02 05:00:00-05:00
Cincinnati_OH,20140101,29,11,0.8913786666666658,-1.5833333333333333,99.87930666666666,241.62459733333333,102519.53541666667,1025.1953541666667,-31.52540266666665,1.8170031292853865,2014-01-01 06:00:00,2014-01-02 11:00:00,2014-01-02 06:00:00-05:00
Cincinnati_OH,20140101,30,12,1.0068959999999991,-1.37,99.86896,241.476896,102495.203125,1024.95203125,-31.673103999999967,1.700217502208467,2014-01-01 06:00:00,2014-01-02 12:00:00,2014-01-02 07:00:00-05:00
Cincinnati_OH,20140101,31,13,0.9235626666666659,-1.26,99.8908,241.67919466666666,102481.93645833334,1024.8193645833335,-31.470805333333317,1.5622317367344842,2014-01-01 06:00:00,2014-01-02 13:00:00,2014-01-02 08:00:00-05:00
Cincinnati_OH,20140101,32,14,0.8402293333333326,-1.1500000000000001,99.91264,241.88149333333334,102468.66979166666,1024.6866979166666,-31.26850666666664,1.4242490416334417,2014-01-01 06:00:00,2014-01-02 14:00:00,2014-01-02 09:00:00-05:00
Cincinnati_OH,20140101,33,15,0.7568959999999993,-1.04,99.93448,242.083792,102455.403125,1024.55403125,-31.06620799999999,1.2862704050144351,2014-01-01 06:00:00,2014-01-02 15:00:00,2014-01-02 10:00:00-05:00
Cincinnati_OH,20140101,34,16,0.8990799999999994,-1.0421840000000002,99.95631999999999,242.01838933333332,102432.73541666666,1024.3273541666667,-31.13161066666666,1.376405585667248,2014-01-01 06:00:00,2014-01-02 16:00:00,2014-01-02 11:00:00-05:00
Cincinnati_OH,20140101,35,17,1.0412639999999995,-1.0443680000000002,99.97816,241.95298666666667,102410.06770833333,1024.1006770833333,-31.197013333333302,1.4747661635391558,2014-01-01 06:00:00,2014-01-02 17:00:00,2014-01-02 12:00:00-05:00
Cincinnati_OH,20140101,36,18,1.1834479999999996,-1.0465520000000004,100.0,241.887584,102387.4,1023.8739999999999,-31.262415999999973,1.5798165265017328,2014-01-01 06:00:00,2014-01-02 18:00:00,2014-01-02 13:00:00-05:00
Cincinnati_OH,20140101,37,19,1.1445973333333328,-1.181034666666667,100.0,241.50298666666666,102389.36666666667,1023.8936666666667,-31.64701333333332,1.6446719853339211,2014-01-01 06:00:00,2014-01-02 19:00:00,2014-01-02 14:00:00-05:00
Cincinnati_OH,20140101,38,20,1.1057466666666662,-1.3155173333333334,100.0,241.11838933333334,102391.33333333333,1023.9133333333333,-32.03161066666664,1.718505613940463,2014-01-01 06:00:00,2014-01-02 20:00:00,2014-01-02 15:00:00-05:00
Cincinnati_OH,20140101,39,21,1.0668959999999994,-1.45,100.0,240.733792,102393.3,1023.933,-32.41620799999998,1.8002130637277352,2014-01-01 06:00:00,2014-01-02 21:00:00,2014-01-02 16:00:00-05:00
Cincinnati_OH,20140101,40,22,1.1302293333333326,-1.5155173333333334,99.97816,241.17712533333332,102384.81722666667,1023.8481722666667,-31.972874666666655,1.8905584184470174,2014-01-01 06:00:00,2014-01-02 22:00:00,2014-01-02 17:00:00-05:00
Cincinnati_OH,20140101,41,23,1.1935626666666659,-1.581034666666667,99.95631999999999,241.62045866666668,102376.33445333334,1023.7633445333335,-31.5295413333333,1.9809751276737984,2014-01-01 06:00:00,2014-01-02 23:00:00,2014-01-02 18:00:00-05:00
Cincinnati_OH,20140101,42,24,1.2568959999999991,-1.6465520000000005,99.93448,242.063792,102367.85168,1023.6785168000001,-31.08620799999997,2.071453847789035,2014-01-01 06:00:00,2014-01-03 00:00:00,2014-01-02 19:00:00-05:00
Cincinnati_OH,20140101,43,25,1.3890799999999992,-1.5865520000000004,98.84482666666666,242.89724,102357.10216166668,1023.5710216166668,-30.252759999999967,2.1087177371815318,2014-01-01 06:00:00,2014-01-03 01:00:00,2014-01-02 20:00:00-05:00
Cincinnati_OH,20140101,44,26,1.5212639999999995,-1.5265520000000004,97.75517333333333,243.730688,102346.35264333335,1023.4635264333334,-29.41931199999999,2.1551346051697093,2014-01-01 06:00:00,2014-01-03 02:00:00,2014-01-02 21:00:00-05:00
Cincinnati_OH,20140101,45,27,1.6534479999999996,-1.4665520000000003,96.66552,244.564136,102335.60312500002,1023.3560312500002,-28.585863999999987,2.2101278373451616,2014-01-01 06:00:00,2014-01-03 03:00:00,2014-01-02 22:00:00-05:00
Cincinnati_OH,20140101,46,28,1.8579306666666664,-1.6354026666666672,95.65402666666667,244.801608,102316.48597666669,1023.164859766667,-28.34839199999999,2.4751663063885,2014-01-01 06:00:00,2014-01-03 04:00:00,2014-01-02 23:00:00-05:00
Cincinnati_OH,20140101,47,29,2.062413333333333,-1.804253333333334,94.64253333333333,245.03908,102297.36882833335,1022.9736882833334,-28.110919999999965,2.7402333565511454,2014-01-01 06:00:00,2014-01-03 05:00:00,2014-01-03 00:00:00-05:00
Cincinnati_OH,20140101,48,30,2.266896,-1.9731040000000009,93.63104,245.276552,102278.25168000002,1022.7825168000002,-27.873447999999968,3.005321425344052,2014-01-01 06:00:00,2014-01-03 06:00:00,2014-01-03 01:00:00-05:00
Cincinnati_OH,20140102,18,0,2.583448,-1.3096560000000013,91.5,245.310344,102445.30000000002,1024.4530000000002,-27.83965599999999,2.8964465137543978,2014-01-02 06:00:00,2014-01-03 00:00:00,2014-01-02 19:00:00-05:00
Cincinnati_OH,20140102,19,1,2.611264,-1.369656000000001,90.13333333333334,245.22574666666665,102414.63333333335,1024.1463333333334,-27.924253333333326,2.948670418346547,2014-01-02 06:00:00,2014-01-03 01:00:00,2014-01-02 20:00:00-05:00
Cincinnati_OH,20140102,20,2,2.63908,-1.4296560000000011,88.76666666666667,245.14114933333335,102383.96666666667,1023.8396666666667,-28.008850666666632,3.0014429071258384,2014-01-02 06:00:00,2014-01-03 02:00:00,2014-01-02 21:00:00-05:00
Cincinnati_OH,20140102,21,3,2.6668959999999995,-1.489656000000001,87.4,245.056552,102353.3,1023.533,-28.093447999999967,3.0547355488081123,2014-01-02 06:00:00,2014-01-03 03:00:00,2014-01-02 22:00:00-05:00
Cincinnati_OH,20140102,22,4,2.500229333333333,-1.6019546666666675,87.45517333333333,244.54540266666666,102330.85056,1023.3085056000001,-28.604597333333317,2.9694116375665325,2014-01-02 06:00:00,2014-01-03 04:00:00,2014-01-02 23:00:00-05:00
Cincinnati_OH,20140102,23,5,2.333562666666666,-1.7142533333333339,87.51034666666668,244.03425333333334,102308.40112,1023.0840112,-29.115746666666638,2.8955447173381534,2014-01-02 06:00:00,2014-01-03 05:00:00,2014-01-03 00:00:00-05:00
Cincinnati_OH,20140102,24,6,2.1668959999999995,-1.8265520000000004,87.56552,243.523104,102285.95168,1022.8595167999999,-29.626895999999988,2.8340307837989336,2014-01-02 06:00:00,2014-01-03 06:00:00,2014-01-03 01:00:00-05:00
Cincinnati_OH,20140102,25,7,2.0690799999999996,-1.9098853333333337,88.72184,243.26540266666666,102288.735495,1022.88735495,-29.884597333333318,2.815804331426773,2014-01-02 06:00:00,2014-01-03 07:00:00,2014-01-03 02:00:00-05:00
Cincinnati_OH,20140102,26,8,1.971264,-1.9932186666666671,89.87816000000001,243.00770133333333,102291.51931,1022.9151931,-30.142298666666647,2.80335556268634,2014-01-02 06:00:00,2014-01-03 08:00:00,2014-01-03 03:00:00-05:00
Cincinnati_OH,20140102,27,9,1.873448,-2.0765520000000004,91.03448,242.75,102294.303125,1022.9430312500001,-30.399999999999977,2.796761630423301,2014-01-02 06:00:00,2014-01-03 09:00:00,2014-01-03 04:00:00-05:00
Cincinnati_OH,20140102,28,10,1.7190799999999997,-2.1698853333333337,92.99080000000001,242.55,102290.80208333334,1022.9080208333335,-30.599999999999966,2.7683277273861764,2014-01-02 06:00:00,2014-01-03 10:00:00,2014-01-03 05:00:00-05:00
Cincinnati_OH,20140102,29,11,1.5647119999999992,-2.263218666666667,94.94712,242.35000000000002,102287.30104166667,1022.8730104166666,-30.799999999999955,2.7514509583295217,2014-01-02 06:00:00,2014-01-03 11:00:00,2014-01-03 06:00:00-05:00
Cincinnati_OH,20140102,30,12,1.410343999999999,-2.356552,96.90344,242.15000000000003,102283.8,1022.8380000000001,-30.999999999999943,2.7463443933782226,2014-01-02 06:00:00,2014-01-03 12:00:00,2014-01-03 07:00:00-05:00
Cincinnati_OH,20140102,31,13,1.3591946666666657,-2.3898853333333334,97.75746666666667,242.20448266666668,102304.73333333334,1023.0473333333334,-30.9455173333333,2.7493566608166513,2014-01-02 06:00:00,2014-01-03 13:00:00,2014-01-03 08:00:00-05:00
Cincinnati_OH,20140102,32,14,1.3080453333333324,-2.423218666666667,98.61149333333333,242.25896533333335,102325.66666666667,1023.2566666666667,-30.891034666666627,2.75371953919365,2014-01-02 06:00:00,2014-01-03 14:00:00,2014-01-03 09:00:00-05:00
Cincinnati_OH,20140102,33,15,1.2568959999999991,-2.4565520000000003,99.46552,242.313448,102346.6,1023.466,-30.836551999999983,2.759426622238758,2014-01-02 06:00:00,2014-01-03 15:00:00,2014-01-03 10:00:00-05:00
Cincinnati_OH,20140102,34,16,1.203562666666666,-2.5898853333333336,99.44368,242.493448,102342.26666666668,1023.4226666666668,-30.656551999999976,2.855883249085804,2014-01-02 06:00:00,2014-01-03 16:00:00,2014-01-03 11:00:00-05:00
Cincinnati_OH,20140102,35,17,1.1502293333333327,-2.723218666666667,99.42184,242.67344799999998,102337.93333333333,1023.3793333333333,-30.476551999999998,2.956171075181919,2014-01-02 06:00:00,2014-01-03 17:00:00,2014-01-03 12:00:00-05:00
Cincinnati_OH,20140102,36,18,1.0968959999999994,-2.856552,99.4,242.853448,102333.6,1023.336,-30.29655199999999,3.0599134241870307,2014-01-02 06:00:00,2014-01-03 18:00:00,2014-01-03 13:00:00-05:00
Cincinnati_OH,20140102,37,19,1.011378666666666,-2.914368,99.36666666666667,242.84229866666666,102382.96666666667,1023.8296666666668,-30.307701333333313,3.084870766630661,2014-01-02 06:00:00,2014-01-03 19:00:00,2014-01-03 14:00:00-05:00
Cincinnati_OH,20140102,38,20,0.9258613333333324,-2.972184,99.33333333333333,242.83114933333331,102432.33333333333,1024.3233333333333,-30.318850666666663,3.113052671963289,2014-01-02 06:00:00,2014-01-03 20:00:00,2014-01-03 15:00:00-05:00
Cincinnati_OH,20140102,39,21,0.8403439999999989,-3.03,99.3,242.82,102481.7,1024.817,-30.329999999999984,3.144372439507763,2014-01-02 06:00:00,2014-01-03 21:00:00,2014-01-03 16:00:00-05:00
Cincinnati_OH,20140102,40,22,0.7325279999999991,-3.033333333333333,99.5,242.64448266666668,102514.15056,1025.1415055999998,-30.5055173333333,3.120530144365715,2014-01-02 06:00:00,2014-01-03 22:00:00,2014-01-03 17:00:00-05:00
Cincinnati_OH,20140102,41,23,0.6247119999999992,-3.0366666666666666,99.7,242.46896533333333,102546.60112,1025.4660112000001,-30.681034666666648,3.1002595903227914,2014-01-02 06:00:00,2014-01-03 23:00:00,2014-01-03 18:00:00-05:00
Cincinnati_OH,20140102,42,24,0.5168959999999994,-3.04,99.9,242.293448,102579.05168,1025.7905168,-30.856551999999965,3.0836312157610544,2014-01-02 06:00:00,2014-01-04 00:00:00,2014-01-03 19:00:00-05:00
Cincinnati_OH,20140102,43,25,0.5780453333333325,-3.106666666666667,99.65517333333334,242.27678133333333,102604.26778666666,1026.0426778666667,-30.873218666666645,3.159986421674344,2014-01-02 06:00:00,2014-01-04 01:00:00,2014-01-03 20:00:00-05:00
Cincinnati_OH,20140102,44,26,0.6391946666666658,-3.1733333333333333,99.41034666666667,242.26011466666668,102629.48389333334,1026.2948389333333,-30.889885333333297,3.23706877689362,2014-01-02 06:00:00,2014-01-04 02:00:00,2014-01-03 21:00:00-05:00
Cincinnati_OH,20140102,45,27,0.700343999999999,-3.24,99.16552,242.243448,102654.7,1026.547,-30.906551999999976,3.314827554841428,2014-01-02 06:00:00,2014-01-04 03:00:00,2014-01-03 22:00:00-05:00
Cincinnati_OH,20140102,46,28,0.5270106666666656,-3.24,99.21034666666667,242.18011466666667,102688.16770833333,1026.8816770833334,-30.96988533333331,3.2825813383342757,2014-01-02 06:00:00,2014-01-04 04:00:00,2014-01-03 23:00:00-05:00
Cincinnati_OH,20140102,47,29,0.3536773333333323,-3.24,99.25517333333333,242.11678133333334,102721.63541666666,1027.2163541666666,-31.03321866666664,3.259246485940236,2014-01-02 06:00:00,2014-01-04 05:00:00,2014-01-04 00:00:00-05:00
Cincinnati_OH,20140102,48,30,0.1803439999999989,-3.24,99.3,242.053448,102755.103125,1027.55103125,-31.096551999999974,3.245015247781742,2014-01-02 06:00:00,2014-01-04 06:00:00,2014-01-04 01:00:00-05:00
Philadelphia_PA,20131231,18,0,1.5090712000000008,-2.2554644,97.74535600000002,249.5490712,102520.5,1025.205,-23.60092879999999,2.7137456672165876,2013-12-31 06:00:00,2014-01-01 00:00:00,2013-12-31 19:00:00-05:00
Philadelphia_PA,20131231,19,1,1.079071200000001,-2.5036429333333334,98.36666666666667,249.2124045333333,102517.23333333334,1025.1723333333334,-23.937595466666664,2.7262836595445052,2013-12-31 06:00:00,2014-01-01 01:00:00,2013-12-31 20:00:00-05:00
Philadelphia_PA,20131231,20,2,0.6490712000000008,-2.7518214666666667,98.98797733333335,248.87573786666667,102513.96666666666,1025.1396666666667,-24.27426213333331,2.8273335153598214,2013-12-31 06:00:00,2014-01-01 02:00:00,2013-12-31 21:00:00-05:00
Philadelphia_PA,20131231,21,3,0.2190712000000007,-3.0,99.609288,248.5390712,102510.7,1025.107,-24.610928799999982,3.007988063584934,2013-12-31 06:00:00,2014-01-01 03:00:00,2013-12-31 22:00:00-05:00
Philadelphia_PA,20131231,22,4,0.003916400000000847,-3.006666666666667,99.38797733333334,248.554226,102512.20104166666,1025.1220104166666,-24.595773999999977,3.006669217362197,2013-12-31 06:00:00,2014-01-01 04:00:00,2013-12-31 23:00:00-05:00
Philadelphia_PA,20131231,23,5,-0.211238399999999,-3.013333333333333,99.16666666666667,248.5693808,102513.70208333334,1025.1370208333333,-24.580619199999973,3.0207282961915554,2013-12-31 06:00:00,2014-01-01 05:00:00,2014-01-01 00:00:00-05:00
Philadelphia_PA,20131231,24,6,-0.4263931999999988,-3.02,98.945356,248.5845356,102515.203125,1025.15203125,-24.565464399999968,3.0499526489777247,2013-12-31 06:00:00,2014-01-01 06:00:00,2014-01-01 01:00:00-05:00
Philadelphia_PA,20131231,25,7,-0.3945717333333323,-2.9181785333333337,99.06357066666666,248.49120226666668,102548.46875,1025.4846875,-24.6587977333333,2.944733061782198,2013-12-31 06:00:00,2014-01-01 07:00:00,2014-01-01 02:00:00-05:00
Philadelphia_PA,20131231,26,8,-0.3627502666666657,-2.816357066666667,99.18178533333334,248.39786893333334,102581.734375,1025.81734375,-24.752131066666635,2.8396223134300818,2013-12-31 06:00:00,2014-01-01 08:00:00,2014-01-01 03:00:00-05:00
Philadelphia_PA,20131231,27,9,-0.3309287999999992,-2.7145356000000005,99.3,248.3045356,102615.0,1026.15,-24.84546439999997,2.734632954225631,2013-12-31 06:00:00,2014-01-01 09:00:00,2014-01-01 04:00:00-05:00
Philadelphia_PA,20131231,28,10,-0.11577399999999935,-2.686357066666667,98.93333333333334,248.53786893333333,102624.93333333333,1026.2493333333334,-24.61213106666665,2.6888506668660384,2013-12-31 06:00:00,2014-01-01 10:00:00,2014-01-01 05:00:00-05:00
Philadelphia_PA,20131231,29,11,0.09938080000000049,-2.6581785333333334,98.56666666666666,248.77120226666668,102634.86666666667,1026.3486666666668,-24.3787977333333,2.660035649851857,2013-12-31 06:00:00,2014-01-01 11:00:00,2014-01-01 06:00:00-05:00
Philadelphia_PA,20131231,30,12,0.3145356000000003,-2.63,98.2,249.0045356,102644.8,1026.448,-24.14546439999998,2.648741709504224,2013-12-31 06:00:00,2014-01-01 12:00:00,2014-01-01 07:00:00-05:00
Philadelphia_PA,20131231,31,13,0.5427141333333338,-2.61,98.003096,249.08969040000002,102648.934375,1026.48934375,-24.060309599999954,2.6658279446580475,2013-12-31 06:00:00,2014-01-01 13:00:00,2014-01-01 08:00:00-05:00
Philadelphia_PA,20131231,32,14,0.7708926666666673,-2.59,97.80619200000001,249.17484520000002,102653.06875,1026.5306875,-23.975154799999956,2.7022907881130123,2013-12-31 06:00:00,2014-01-01 14:00:00,2014-01-01 09:00:00-05:00
Philadelphia_PA,20131231,33,15,0.9990712000000008,-2.57,97.609288,249.26000000000005,102657.203125,1026.57203125,-23.88999999999993,2.757361648871878,2013-12-31 06:00:00,2014-01-01 15:00:00,2014-01-01 10:00:00-05:00
Philadelphia_PA,20131231,34,16,1.2842260000000008,-2.6418214666666664,97.95774,249.05848813333336,102639.76875,1026.3976875,-24.09151186666662,2.9374235446759833,2013-12-31 06:00:00,2014-01-01 16:00:00,2014-01-01 11:00:00-05:00
Philadelphia_PA,20131231,35,17,1.5693808000000007,-2.713642933333333,98.30619200000001,248.8569762666667,102622.33437499999,1026.22334375,-24.293023733333285,3.1347749624237107,2013-12-31 06:00:00,2014-01-01 17:00:00,2014-01-01 12:00:00-05:00
Philadelphia_PA,20131231,36,18,1.8545356000000004,-2.7854643999999995,98.654644,248.6554644,102604.9,1026.049,-24.494535599999978,3.3463583513029085,2013-12-31 06:00:00,2014-01-01 18:00:00,2014-01-01 13:00:00-05:00
Philadelphia_PA,20131231,37,19,1.8642260000000006,-2.9421310666666662,98.98488133333335,247.93213106666667,102626.9,1026.269,-25.217868933333307,3.4830265276797903,2013-12-31 06:00:00,2014-01-01 19:00:00,2014-01-01 14:00:00-05:00
Philadelphia_PA,20131231,38,20,1.8739164000000006,-3.0987977333333334,99.31511866666668,247.20879773333334,102648.9,1026.489,-25.941202266666636,3.6213409210264595,2013-12-31 06:00:00,2014-01-01 20:00:00,2014-01-01 15:00:00-05:00
Philadelphia_PA,20131231,39,21,1.8836068000000008,-3.2554644,99.64535600000002,246.4854644,102670.9,1026.7089999999998,-26.664535599999965,3.761119917879993,2013-12-31 06:00:00,2014-01-01 21:00:00,2014-01-01 16:00:00-05:00
Philadelphia_PA,20131231,40,22,1.8454282666666675,-3.2921310666666668,98.93023733333335,246.11030960000002,102650.80856533333,1026.5080856533332,-27.039690399999955,3.7740869687282177,2013-12-31 06:00:00,2014-01-01 22:00:00,2014-01-01 17:00:00-05:00
Philadelphia_PA,20131231,41,23,1.8072497333333342,-3.3287977333333334,98.21511866666667,245.7351548,102630.71713066667,1026.3071713066668,-27.414845199999974,3.787749456877863,2013-12-31 06:00:00,2014-01-01 23:00:00,2014-01-01 18:00:00-05:00
Philadelphia_PA,20131231,42,24,1.7690712000000008,-3.3654644,97.5,245.36,102610.625696,1026.10625696,-27.789999999999964,3.80209988537082,2013-12-31 06:00:00,2014-01-02 00:00:00,2014-01-01 19:00:00-05:00
Philadelphia_PA,20131231,43,25,1.5557378666666675,-3.3336429333333335,97.7,245.10817853333333,102603.41713066667,1026.0341713066666,-28.041821466666647,3.678789952789344,2013-12-31 06:00:00,2014-01-02 01:00:00,2014-01-01 20:00:00-05:00
Philadelphia_PA,20131231,44,26,1.3424045333333343,-3.3018214666666665,97.89999999999999,244.85635706666667,102596.20856533333,1025.9620856533334,-28.293642933333302,3.564277616692435,2013-12-31 06:00:00,2014-01-02 02:00:00,2014-01-01 21:00:00-05:00
Philadelphia_PA,20131231,45,27,1.129071200000001,-3.27,98.1,244.6045356,102589.0,1025.89,-28.545464399999986,3.4594366267745738,2013-12-31 06:00:00,2014-01-02 03:00:00,2014-01-01 22:00:00-05:00
Philadelphia_PA,20131231,46,28,1.1005830666666676,-3.2333333333333334,98.26666666666667,244.85635706666667,102575.33333333333,1025.7533333333333,-28.293642933333302,3.415512777179709,2013-12-31 06:00:00,2014-01-02 04:00:00,2014-01-01 23:00:00-05:00
Philadelphia_PA,20131231,47,29,1.0720949333333345,-3.1966666666666668,98.43333333333332,245.10817853333333,102561.66666666667,1025.6166666666668,-28.041821466666647,3.371656169281913,2013-12-31 06:00:00,2014-01-02 05:00:00,2014-01-02 00:00:00-05:00
Philadelphia_PA,20131231,48,30,1.0436068000000012,-3.16,98.6,245.36,102548.0,1025.48,-27.789999999999964,3.3278694615333464,2013-12-31 06:00:00,2014-01-02 06:00:00,2014-01-02 01:00:00-05:00
Philadelphia_PA,20140101,18,0,0.8881424000000016,-3.5454644,99.9,246.38,102658.203125,1026.58203125,-26.769999999999982,3.6550122755395944,2014-01-01 06:00:00,2014-01-02 00:00:00,2014-01-01 19:00:00-05:00
Philadelphia_PA,20140101,19,1,0.8181424000000016,-3.4021310666666666,99.93333333333334,245.93666666666667,102644.73541666666,1026.4473541666666,-27.21333333333331,3.4991217157247094,2014-01-01 06:00:00,2014-01-02 01:00:00,2014-01-01 20:00:00-05:00
Philadelphia_PA,20140101,20,2,0.7481424000000015,-3.2587977333333336,99.96666666666667,245.49333333333334,102631.26770833334,1026.3126770833335,-27.656666666666638,3.3435728969855334,2014-01-01 06:00:00,2014-01-02 02:00:00,2014-01-01 21:00:00-05:00
Philadelphia_PA,20140101,21,3,0.6781424000000016,-3.1154644,100.0,245.05,102617.8,1026.178,-28.099999999999966,3.1884158358572243,2014-01-01 06:00:00,2014-01-02 03:00:00,2014-01-01 22:00:00-05:00
Philadelphia_PA,20140101,22,4,0.6766305333333348,-3.0103096000000003,100.0,244.71333333333334,102595.26666666666,1025.9526666666666,-28.43666666666664,3.085416141542517,2014-01-01 06:00:00,2014-01-02 04:00:00,2014-01-01 23:00:00-05:00
Philadelphia_PA,20140101,23,5,0.6751186666666681,-2.9051548,100.0,244.37666666666667,102572.73333333334,1025.7273333333333,-28.773333333333312,2.982567623046428,2014-01-01 06:00:00,2014-01-02 05:00:00,2014-01-02 00:00:00-05:00
Philadelphia_PA,20140101,24,6,0.6736068000000013,-2.8000000000000003,100.0,244.04,102550.2,1025.502,-29.109999999999985,2.8798864771039576,2014-01-01 06:00:00,2014-01-02 06:00:00,2014-01-02 01:00:00-05:00
Philadelphia_PA,20140101,25,7,0.5169401333333346,-2.5500000000000003,99.948452,243.36848813333333,102554.59999999999,1025.5459999999998,-29.781511866666648,2.601869924006711,2014-01-01 06:00:00,2014-01-02 07:00:00,2014-01-02 02:00:00-05:00
Philadelphia_PA,20140101,26,8,0.3602734666666678,-2.3,99.89690399999999,242.6969762666667,102559.0,1025.59,-30.453023733333282,2.328045740698412,2014-01-01 06:00:00,2014-01-02 08:00:00,2014-01-02 03:00:00-05:00
Philadelphia_PA,20140101,27,9,0.2036068000000011,-2.05,99.845356,242.02546440000003,102563.4,1025.634,-31.124535599999945,2.0600863401824303,2014-01-01 06:00:00,2014-01-02 09:00:00,2014-01-02 04:00:00-05:00
Philadelphia_PA,20140101,28,10,0.3520949333333343,-1.8515118666666668,99.86357066666666,241.76030960000003,102539.60104166667,1025.3960104166667,-31.38969039999995,1.8846928223152148,2014-01-01 06:00:00,2014-01-02 10:00:00,2014-01-02 05:00:00-05:00
Philadelphia_PA,20140101,29,11,0.5005830666666675,-1.6530237333333335,99.88178533333334,241.4951548,102515.80208333333,1025.1580208333332,-31.654845199999983,1.7271568746343446,2014-01-01 06:00:00,2014-01-02 11:00:00,2014-01-02 06:00:00-05:00
Philadelphia_PA,20140101,30,12,0.6490712000000007,-1.4545356000000005,99.9,241.23,102492.003125,1024.92003125,-31.919999999999987,1.5927859976584433,2014-01-01 06:00:00,2014-01-02 12:00:00,2014-01-02 07:00:00-05:00
Philadelphia_PA,20140101,31,13,0.6008926666666673,-1.3330237333333337,99.91821466666667,241.2039164,102478.73645833334,1024.7873645833333,-31.94608359999998,1.4621984374508534,2014-01-01 06:00:00,2014-01-02 13:00:00,2014-01-02 08:00:00-05:00
Philadelphia_PA,20140101,32,14,0.5527141333333339,-1.2115118666666669,99.93642933333334,241.1778328,102465.46979166666,1024.6546979166667,-31.972167199999973,1.3316358046630354,2014-01-01 06:00:00,2014-01-02 14:00:00,2014-01-02 09:00:00-05:00
Philadelphia_PA,20140101,33,15,0.5045356000000004,-1.09,99.954644,241.1517492,102452.203125,1024.52203125,-31.998250799999965,1.2011062283026264,2014-01-01 06:00:00,2014-01-02 15:00:00,2014-01-02 10:00:00-05:00
Philadelphia_PA,20140101,34,16,0.6527141333333338,-1.1166666666666667,99.96976266666667,240.90357066666667,102429.53541666667,1024.2953541666666,-32.24642933333331,1.293437352289445,2014-01-01 06:00:00,2014-01-02 16:00:00,2014-01-02 11:00:00-05:00
Philadelphia_PA,20140101,35,17,0.8008926666666674,-1.1433333333333333,99.98488133333333,240.65539213333335,102406.86770833333,1024.0686770833333,-32.49460786666663,1.3959370238773512,2014-01-01 06:00:00,2014-01-02 17:00:00,2014-01-02 12:00:00-05:00
Philadelphia_PA,20140101,36,18,0.9490712000000008,-1.17,100.0,240.4072136,102384.2,1023.842,-32.74278639999997,1.506531162196601,2014-01-01 06:00:00,2014-01-02 18:00:00,2014-01-02 13:00:00-05:00
Philadelphia_PA,20140101,37,19,0.8890712000000008,-1.2966666666666666,99.96666666666667,240.33632093333333,102386.16666666667,1023.8616666666667,-32.81367906666665,1.572193386041897,2014-01-01 06:00:00,2014-01-02 19:00:00,2014-01-02 14:00:00-05:00
Philadelphia_PA,20140101,38,20,0.8290712000000008,-1.4233333333333333,99.93333333333334,240.26542826666667,102388.13333333333,1023.8813333333333,-32.8845717333333,1.6471905877727746,2014-01-01 06:00:00,2014-01-02 20:00:00,2014-01-02 15:00:00-05:00
Philadelphia_PA,20140101,39,21,0.7690712000000008,-1.55,99.9,240.1945356,102390.1,1023.9010000000001,-32.95546439999998,1.7303093684857174,2014-01-01 06:00:00,2014-01-02 21:00:00,2014-01-02 16:00:00-05:00
Philadelphia_PA,20140101,40,22,0.8224045333333342,-1.6284881333333332,99.9,240.64453559999998,102381.43333333333,1023.8143333333334,-32.505464399999994,1.8243691558603767,2014-01-01 06:00:00,2014-01-02 22:00:00,2014-01-02 17:00:00-05:00
Philadelphia_PA,20140101,41,23,0.8757378666666674,-1.7069762666666664,99.9,241.0945356,102372.76666666668,1023.7276666666668,-32.05546439999998,1.9185110857321508,2014-01-01 06:00:00,2014-01-02 23:00:00,2014-01-02 18:00:00-05:00
Philadelphia_PA,20140101,42,24,0.9290712000000008,-1.7854643999999995,99.9,241.5445356,102364.1,1023.6410000000001,-31.60546439999999,2.0127236318821318,2014-01-01 06:00:00,2014-01-03 00:00:00,2014-01-02 19:00:00-05:00
Philadelphia_PA,20140101,43,25,1.0542260000000006,-1.7354643999999995,99.66666666666667,242.1590712,102352.46770833334,1023.5246770833334,-30.990928799999978,2.030573599440158,2014-01-01 06:00:00,2014-01-03 01:00:00,2014-01-02 20:00:00-05:00
Philadelphia_PA,20140101,44,26,1.1793808000000006,-1.6854643999999996,99.43333333333334,242.77360679999998,102340.83541666667,1023.4083541666666,-30.376393199999995,2.057116748042269,2014-01-01 06:00:00,2014-01-03 02:00:00,2014-01-02 21:00:00-05:00
Philadelphia_PA,20140101,45,27,1.3045356000000004,-1.6354643999999996,99.2,243.3881424,102329.203125,1023.29203125,-29.761857599999985,2.0920222119601695,2014-01-01 06:00:00,2014-01-03 03:00:00,2014-01-02 22:00:00-05:00
Philadelphia_PA,20140101,46,28,1.4993808000000006,-1.8454643999999998,97.451548,244.02694013333334,102310.143982,1023.10143982,-29.123059866666637,2.3777892326856898,2014-01-01 06:00:00,2014-01-03 04:00:00,2014-01-02 23:00:00-05:00
Philadelphia_PA,20140101,47,29,1.6942260000000007,-2.0554644,95.703096,244.66573786666666,102291.084839,1022.9108483900001,-28.484262133333317,2.6637071233045426,2014-01-01 06:00:00,2014-01-03 05:00:00,2014-01-03 00:00:00-05:00
Philadelphia_PA,20140101,48,30,1.889071200000001,-2.2654644,93.954644,245.3045356,102272.025696,1022.7202569599999,-27.84546439999997,2.949732012630436,2014-01-01 06:00:00,2014-01-03 06:00:00,2014-01-03 01:00:00-05:00
Philadelphia_PA,20140102,18,0,2.243606800000001,-1.7554643999999997,92.654644,244.7681424,102441.225696,1024.41225696,-28.38185759999999,2.8487588056333593,2014-01-02 06:00:00,2014-01-03 00:00:00,2014-01-02 19:00:00-05:00
Philadelphia_PA,20140102,19,1,2.288761600000001,-1.783952533333333,91.10000000000001,244.86360679999999,102410.31713066666,1024.1031713066666,-28.286393199999992,2.901881510816901,2014-01-02 06:00:00,2014-01-03 01:00:00,2014-01-02 20:00:00-05:00
Philadelphia_PA,20140102,20,2,2.333916400000001,-1.8124406666666664,89.545356,244.9590712,102379.40856533333,1023.7940856533334,-28.190928799999966,2.955013863313686,2014-01-02 06:00:00,2014-01-03 02:00:00,2014-01-02 21:00:00-05:00
Philadelphia_PA,20140102,21,3,2.3790712000000007,-1.8409287999999997,87.990712,245.0545356,102348.5,1023.485,-28.09546439999997,3.008155351928966,2014-01-02 06:00:00,2014-01-03 03:00:00,2014-01-02 22:00:00-05:00
Philadelphia_PA,20140102,22,4,2.210892666666667,-1.9091073333333333,87.60892666666668,244.69666666666666,102326.4,1023.2639999999999,-28.45333333333332,2.9210849343535967,2014-01-02 06:00:00,2014-01-03 04:00:00,2014-01-02 23:00:00-05:00
Philadelphia_PA,20140102,23,5,2.042714133333334,-1.9772858666666666,87.22714133333334,244.33879773333334,102304.3,1023.043,-28.81120226666664,2.842945730934642,2014-01-02 06:00:00,2014-01-03 05:00:00,2014-01-03 00:00:00-05:00
Philadelphia_PA,20140102,24,6,1.8745356000000004,-2.0454644,86.84535600000001,243.9809288,102282.2,1022.822,-29.16907119999999,2.77449244499507,2014-01-02 06:00:00,2014-01-03 06:00:00,2014-01-03 01:00:00-05:00
Philadelphia_PA,20140102,25,7,1.7612022666666671,-2.102131066666667,87.86357066666667,243.6009288,102284.634375,1022.84634375,-29.549071199999986,2.7424055946480537,2014-01-02 06:00:00,2014-01-03 07:00:00,2014-01-03 02:00:00-05:00
Philadelphia_PA,20140102,26,8,1.6478689333333336,-2.1587977333333335,88.88178533333334,243.2209288,102287.06875,1022.8706875,-29.92907119999998,2.715857079245938,2014-01-02 06:00:00,2014-01-03 08:00:00,2014-01-03 03:00:00-05:00
Philadelphia_PA,20140102,27,9,1.5345356000000003,-2.2154644,89.9,242.8409288,102289.503125,1022.89503125,-30.309071199999977,2.695010577963419,2014-01-02 06:00:00,2014-01-03 09:00:00,2014-01-03 04:00:00-05:00
Philadelphia_PA,20140102,28,10,1.3778689333333336,-2.2836429333333332,91.83333333333334,242.59728586666668,102286.00208333334,1022.8600208333334,-30.552714133333296,2.6671235150267054,2014-01-02 06:00:00,2014-01-03 10:00:00,2014-01-03 05:00:00-05:00
Philadelphia_PA,20140102,29,11,1.221202266666667,-2.351821466666667,93.76666666666667,242.35364293333333,102282.50104166666,1022.8250104166666,-30.796357066666644,2.6499809786460653,2014-01-02 06:00:00,2014-01-03 11:00:00,2014-01-03 06:00:00-05:00
Philadelphia_PA,20140102,30,12,1.0645356000000004,-2.42,95.7,242.11,102279.0,1022.79,-31.039999999999964,2.6437919819205447,2014-01-02 06:00:00,2014-01-03 12:00:00,2014-01-03 07:00:00-05:00
Philadelphia_PA,20140102,31,13,1.0093808000000004,-2.451511866666667,96.61511866666667,242.15,102299.64189866667,1022.9964189866666,-30.99999999999997,2.6511808749717787,2014-01-02 06:00:00,2014-01-03 13:00:00,2014-01-03 08:00:00-05:00
Philadelphia_PA,20140102,32,14,0.9542260000000006,-2.4830237333333334,97.53023733333333,242.19,102320.28379733334,1023.2028379733333,-30.95999999999998,2.6600665629590186,2014-01-02 06:00:00,2014-01-03 14:00:00,2014-01-03 09:00:00-05:00
Philadelphia_PA,20140102,33,15,0.8990712000000007,-2.5145356000000003,98.445356,242.23,102340.925696,1023.4092569600001,-30.919999999999987,2.670434104473803,2014-01-02 06:00:00,2014-01-03 15:00:00,2014-01-03 10:00:00-05:00
Philadelphia_PA,20140102,34,16,0.8190712000000008,-2.6396904,98.696904,242.41,102336.350464,1023.36350464,-30.73999999999998,2.7638456973068526,2014-01-02 06:00:00,2014-01-03 16:00:00,2014-01-03 11:00:00-05:00
Philadelphia_PA,20140102,35,17,0.7390712000000007,-2.7648452000000003,98.948452,242.59000000000003,102331.775232,1023.31775232,-30.559999999999945,2.8619215954726087,2014-01-02 06:00:00,2014-01-03 17:00:00,2014-01-03 12:00:00-05:00
Philadelphia_PA,20140102,36,18,0.6590712000000007,-2.89,99.2,242.77000000000004,102327.2,1023.2719999999999,-30.37999999999994,2.964198854103658,2014-01-02 06:00:00,2014-01-03 18:00:00,2014-01-03 13:00:00-05:00
Philadelphia_PA,20140102,37,19,0.5672497333333342,-2.9348452000000003,99.2,242.78848813333335,102376.03333333333,1023.7603333333333,-30.361511866666632,2.9891618570980363,2014-01-02 06:00:00,2014-01-03 19:00:00,2014-01-03 14:00:00-05:00
Philadelphia_PA,20140102,38,20,0.4754282666666677,-2.9796904000000004,99.2,242.80697626666668,102424.86666666667,1024.2486666666666,-30.343023733333297,3.017380804041451,2014-01-02 06:00:00,2014-01-03 20:00:00,2014-01-03 15:00:00-05:00
Philadelphia_PA,20140102,39,21,0.3836068000000012,-3.0245356000000005,99.2,242.8254644,102473.7,1024.737,-30.32453559999999,3.0487652865830137,2014-01-02 06:00:00,2014-01-03 21:00:00,2014-01-03 16:00:00-05:00
Philadelphia_PA,20140102,40,22,0.26360680000000114,-3.016357066666667,99.4,242.62364293333331,102507.03333333333,1025.0703333333333,-30.526357066666662,3.027853777618097,2014-01-02 06:00:00,2014-01-03 22:00:00,2014-01-03 17:00:00-05:00
Philadelphia_PA,20140102,41,23,0.14360680000000112,-3.0081785333333335,99.6,242.42182146666667,102540.36666666667,1025.4036666666666,-30.728178533333306,3.0116043899247003,2014-01-02 06:00:00,2014-01-03 23:00:00,2014-01-03 18:00:00-05:00
Philadelphia_PA,20140102,42,24,0.0236068000000011,-3.0,99.8,242.22,102573.7,1025.737,-30.92999999999998,3.0000928787299634,2014-01-02 06:00:00,2014-01-04 00:00:00,2014-01-03 19:00:00-05:00
Philadelphia_PA,20140102,43,25,0.0736068000000011,-3.0748452,99.83333333333333,242.20817853333332,102598.56666666667,1025.9856666666667,-30.941821466666653,3.0757260874416756,2014-01-02 06:00:00,2014-01-04 01:00:00,2014-01-03 20:00:00-05:00
Philadelphia_PA,20140102,44,26,0.1236068000000011,-3.1496904000000003,99.86666666666667,242.19635706666668,102623.43333333333,1026.2343333333333,-30.9536429333333,3.1521148863673103,2014-01-02 06:00:00,2014-01-04 02:00:00,2014-01-03 21:00:00-05:00
Philadelphia_PA,20140102,45,27,0.1736068000000011,-3.2245356000000003,99.9,242.1845356,102648.3,1026.483,-30.965464399999973,3.229205654131307,2014-01-02 06:00:00,2014-01-04 03:00:00,2014-01-03 22:00:00-05:00
Philadelphia_PA,20140102,46,28,0.006940133333334458,-3.2045356000000003,99.76666666666667,242.1196904,102681.76770833334,1026.8176770833334,-31.03030959999998,3.204543115191001,2014-01-02 06:00:00,2014-01-04 04:00:00,2014-01-03 23:00:00-05:00
Philadelphia_PA,20140102,47,29,-0.15972653333333217,-3.1845356000000007,99.63333333333334,242.05484520000002,102715.23541666666,1027.1523541666666,-31.09515479999996,3.1885387802437104,2014-01-02 06:00:00,2014-01-04 05:00:00,2014-01-04 00:00:00-05:00
Philadelphia_PA,20140102,48,30,-0.3263931999999988,-3.1645356000000007,99.5,241.99,102748.703125,1027.48703125,-31.159999999999968,3.1813233228758127,2014-01-02 06:00:00,2014-01-04 06:00:00,2014-01-04 01:00:00-05:00
