operating_date,target_time_local,target_time_utc,local_utc_offset,dst_fold,calendar_hour,day_of_week,month,year,weekend_indicator,holiday_indicator,expected_hours_for_operating_date,actual_load_mw,actual_load_available,actual_missing_reason,pjm_forecast_mw,pjm_forecast_available,pjm_missing_reason,selected_vintage_id,selected_evaluated_at_utc,vintage_age_hours,forecast_origin_utc,dst_indicator,load_information_cutoff_utc,forecast_horizon_hours,load_origin_minus_1h_source_utc,load_origin_minus_1h,load_origin_minus_1h_available,load_origin_minus_1h_missing_reason,load_same_hour_1d_source_utc,load_same_hour_1d,load_same_hour_1d_available,load_same_hour_1d_missing_reason,load_same_hour_2d_source_utc,load_same_hour_2d,load_same_hour_2d_available,load_same_hour_2d_missing_reason,load_same_hour_7d_source_utc,load_same_hour_7d,load_same_hour_7d_available,load_same_hour_7d_missing_reason,load_same_hour_14d_source_utc,load_same_hour_14d,load_same_hour_14d_available,load_same_hour_14d_missing_reason,previous_available_daily_operating_date,previous_available_daily_peak,previous_available_daily_mean,previous_available_daily_peak_available,previous_available_daily_peak_missing_reason,previous_available_daily_mean_available,previous_available_daily_mean_missing_reason,valid_time_utc,pjm_wind_chill_celsius,pjm_heating_degree_celsius,pjm_temp_ramp_3h_celsius,pjm_temp_ramp_6h_celsius,pjm_temp_1h_ago_celsius,pjm_temp_2h_ago_celsius,pjm_cold_duration_hours,pjm_temperature_2m_celsius,pjm_relative_humidity_2m_percent,pjm_wind_speed_10m_mps,pjm_surface_pressure_hpa
2014-01-07,2014-01-07 00:00:00-05:00,2014-01-07 05:00:00+00:00,-5.0,0,0,1,1,2014,0,0,24,119951.159,True,NONE,115557.0,True,NONE,2014-01-06 00:00:00+00:00,2014-01-06 00:00:00+00:00,17.0,2014-01-06 17:00:00+00:00,0,2014-01-06 16:00:00+00:00,12.0,2014-01-06 16:00:00+00:00,111981.587,True,NONE,2014-01-06 05:00:00+00:00,85504.657,True,NONE,2014-01-05 05:00:00+00:00,93565.922,True,NONE,2013-12-31 05:00:00+00:00,89324.738,True,NONE,2013-12-24 05:00:00+00:00,82902.641,True,NONE,2014-01-06,131141.653,109061.06470833332,True,NONE,True,NONE,2014-01-07 05:00:00+00:00,-43.594670408235345,49.67272066666664,0.1511396666666851,0.30227933333334356,-31.82386033333333,-31.974999999999987,6.0,-31.672720666666642,97.99948,4.25577960932956,1026.6013952533333
2014-01-07,2014-01-07 01:00:00-05:00,2014-01-07 06:00:00+00:00,-5.0,0,1,1,1,2014,0,0,24,119189.921,True,NONE,114166.0,True,NONE,2014-01-06 00:00:00+00:00,2014-01-06 00:00:00+00:00,17.0,2014-01-06 17:00:00+00:00,0,2014-01-06 16:00:00+00:00,13.0,2014-01-06 16:00:00+00:00,111981.587,True,NONE,2014-01-06 06:00:00+00:00,83522.058,True,NONE,2014-01-05 06:00:00+00:00,90837.982,True,NONE,2013-12-31 06:00:00+00:00,86671.582,True,NONE,2013-12-24 06:00:00+00:00,79785.569,True,NONE,2014-01-06,131141.653,109061.06470833332,True,NONE,True,NONE,2014-01-07 06:00:00+00:00,-43.55015768396419,49.52158099999998,0.15113966666666023,0.30227933333334533,-31.672720666666642,-31.82386033333333,7.0,-31.521580999999983,97.83276000000001,4.359196959777167,1026.826
2014-01-07,2014-01-07 02:00:00-05:00,2014-01-07 07:00:00+00:00,-5.0,0,2,1,1,2014,0,0,24,119275.233,True,NONE,114101.0,True,NONE,2014-01-06 00:00:00+00:00,2014-01-06 00:00:00+00:00,17.0,2014-01-06 17:00:00+00:00,0,2014-01-06 16:00:00+00:00,14.0,2014-01-06 16:00:00+00:00,111981.587,True,NONE,2014-01-06 07:00:00+00:00,82637.689,True,NONE,2014-01-05 07:00:00+00:00,89143.401,True,NONE,2013-12-31 07:00:00+00:00,85447.495,True,NONE,2013-12-24 07:00:00+00:00,78490.182,True,NONE,2014-01-06,131141.653,109061.06470833332,True,NONE,True,NONE,2014-01-07 07:00:00+00:00,-43.813918578533944,49.43105399999998,0.0905269999999998,0.24166666666666003,-31.521580999999983,-31.672720666666642,8.0,-31.431053999999982,97.82500900000001,4.643194464864536,1027.0570104166668
2014-01-07,2014-01-07 03:00:00-05:00,2014-01-07 08:00:00+00:00,-5.0,0,3,1,1,2014,0,0,24,120128.948,True,NONE,114977.0,True,NONE,2014-01-06 00:00:00+00:00,2014-01-06 00:00:00+00:00,17.0,2014-01-06 17:00:00+00:00,0,2014-01-06 16:00:00+00:00,15.0,2014-01-06 16:00:00+00:00,111981.587,True,NONE,2014-01-06 08:00:00+00:00,83287.857,True,NONE,2014-01-05 08:00:00+00:00,88219.044,True,NONE,2013-12-31 08:00:00+00:00,85370.863,True,NONE,2013-12-24 08:00:00+00:00,78423.572,True,NONE,2014-01-06,131141.653,109061.06470833332,True,NONE,True,NONE,2014-01-07 08:00:00+00:00,-44.06842322630885,49.340526999999966,0.09052700000001845,0.18105400000001826,-31.431053999999982,-31.521580999999983,9.0,-31.340526999999966,97.817258,4.9359210029281675,1027.2880208333331
2014-01-07,2014-01-07 04:00:00-05:00,2014-01-07 09:00:00+00:00,-5.0,0,4,1,1,2014,0,0,24,122347.834,True,NONE,118228.0,True,NONE,2014-01-06 00:00:00+00:00,2014-01-06 00:00:00+00:00,17.0,2014-01-06 17:00:00+00:00,0,2014-01-06 16:00:00+00:00,16.0,2014-01-06 16:00:00+00:00,111981.587,True,NONE,2014-01-06 09:00:00+00:00,85374.475,True,NONE,2014-01-05 09:00:00+00:00,88137.311,True,NONE,2013-12-31 09:00:00+00:00,86747.602,True,NONE,2013-12-24 09:00:00+00:00,80228.392,True,NONE,2014-01-06,131141.653,109061.06470833332,True,NONE,True,NONE,2014-01-07 09:00:00+00:00,-44.31243948369738,49.249999999999964,0.09052700000000069,0.18105400000001914,-31.340526999999966,-31.431053999999982,10.0,-31.249999999999964,97.809507,5.2359125733470915,1027.51903125
2014-01-07,2014-01-07 05:00:00-05:00,2014-01-07 10:00:00+00:00,-5.0,0,5,1,1,2014,0,0,24,126911.066,True,NONE,123647.0,True,NONE,2014-01-06 00:00:00+00:00,2014-01-06 00:00:00+00:00,17.0,2014-01-06 17:00:00+00:00,0,2014-01-06 16:00:00+00:00,17.0,2014-01-06 16:00:00+00:00,111981.587,True,NONE,2014-01-06 10:00:00+00:00,90889.688,True,NONE,2014-01-05 10:00:00+00:00,89157.683,True,NONE,2013-12-31 10:00:00+00:00,90810.629,True,NONE,2013-12-24 10:00:00+00:00,83978.892,True,NONE,2014-01-06,131141.653,109061.06470833332,True,NONE,True,NONE,2014-01-07 10:00:00+00:00,-44.310812411299956,49.17227556666664,0.0777244333333238,0.16825143333332448,-31.249999999999964,-31.340526999999966,11.0,-31.17227556666664,97.85276833333333,5.319190958590578,1027.5888384866666
2014-01-07,2014-01-07 06:00:00-05:00,2014-01-07 11:00:00+00:00,-5.0,0,6,1,1,2014,0,0,24,133606.209,True,NONE,131991.0,True,NONE,2014-01-06 00:00:00+00:00,2014-01-06 00:00:00+00:00,17.0,2014-01-06 17:00:00+00:00,0,2014-01-06 16:00:00+00:00,18.0,2014-01-06 16:00:00+00:00,111981.587,True,NONE,2014-01-06 11:00:00+00:00,99324.883,True,NONE,2014-01-05 11:00:00+00:00,91258.336,True,NONE,2013-12-31 11:00:00+00:00,96628.753,True,NONE,2013-12-24 11:00:00+00:00,89718.014,True,NONE,2014-01-06,131141.653,109061.06470833332,True,NONE,True,NONE,2014-01-07 11:00:00+00:00,-44.30793563970085,49.09455113333331,0.07772443333332912,0.15544886666665292,-31.17227556666664,-31.249999999999964,12.0,-31.09455113333331,97.89602966666666,5.4026937068997665,1027.6586457233334
2014-01-07,2014-01-07 07:00:00-05:00,2014-01-07 12:00:00+00:00,-5.0,0,7,1,1,2014,0,0,24,137997.87,True,NONE,137043.0,True,NONE,2014-01-06 00:00:00+00:00,2014-01-06 00:00:00+00:00,17.0,2014-01-06 17:00:00+00:00,0,2014-01-06 16:00:00+00:00,19.0,2014-01-06 16:00:00+00:00,111981.587,True,NONE,2014-01-06 12:00:00+00:00,105683.549,True,NONE,2014-01-05 12:00:00+00:00,93885.063,True,NONE,2013-12-31 12:00:00+00:00,101578.72,True,NONE,2013-12-24 12:00:00+00:00,94980.37,True,NONE,2014-01-06,131141.653,109061.06470833332,True,NONE,True,NONE,2014-01-07 12:00:00+00:00,-44.303827275295845,49.01682669999999,0.07772443333332202,0.15544886666665114,-31.09455113333331,-31.17227556666664,13.0,-31.01682669999999,97.939291,5.486410466610131,1027.7284529600001
2014-01-07,2014-01-07 08:00:00-05:00,2014-01-07 13:00:00+00:00,-5.0,0,8,1,1,2014,0,0,24,137545.961,True,NONE,140551.0,True,NONE,2014-01-06 00:00:00+00:00,2014-01-06 00:00:00+00:00,17.0,2014-01-06 17:00:00+00:00,0,2014-01-06 16:00:00+00:00,20.0,2014-01-06 16:00:00+00:00,111981.587,True,NONE,2014-01-06 13:00:00+00:00,107239.28,True,NONE,2014-01-05 13:00:00+00:00,96034.405,True,NONE,2013-12-31 13:00:00+00:00,103278.105,True,NONE,2013-12-24 13:00:00+00:00,97843.778,True,NONE,2014-01-06,131141.653,109061.06470833332,True,NONE,True,NONE,2014-01-07 13:00:00+00:00,-44.324733800674316,48.91194066666665,0.10488603333333746,0.18261046666665948,-31.01682669999999,-31.09455113333331,14.0,-30.911940666666652,97.93999400000001,5.625755245524752,1027.81979671
2014-01-07,2014-01-07 09:00:00-05:00,2014-01-07 14:00:00+00:00,-5.0,0,9,1,1,2014,0,0,24,136586.875,True,NONE,138690.0,True,NONE,2014-01-06 00:00:00+00:00,2014-01-06 00:00:00+00:00,17.0,2014-01-06 17:00:00+00:00,0,2014-01-06 16:00:00+00:00,21.0,2014-01-06 16:00:00+00:00,111981.587,True,NONE,2014-01-06 14:00:00+00:00,108904.523,True,NONE,2014-01-05 14:00:00+00:00,97815.048,True,NONE,2013-12-31 14:00:00+00:00,103778.091,True,NONE,2013-12-24 14:00:00+00:00,99115.775,True,NONE,2014-01-06,131141.653,109061.06470833332,True,NONE,True,NONE,2014-01-07 14:00:00+00:00,-44.343267971850445,48.8070546333333,0.10488603333334989,0.20977206666668735,-30.911940666666652,-31.01682669999999,15.0,-30.8070546333333,97.940697,5.766336308874155,1027.9111404599998
2014-01-07,2014-01-07 10:00:00-05:00,2014-01-07 15:00:00+00:00,-5.0,0,10,1,1,2014,0,0,24,135644.03,True,NONE,135812.0,True,NONE,2014-01-06 00:00:00+00:00,2014-01-06 00:00:00+00:00,17.0,2014-01-06 17:00:00+00:00,0,2014-01-06 16:00:00+00:00,22.0,2014-01-06 16:00:00+00:00,111981.587,True,NONE,2014-01-06 15:00:00+00:00,110740.238,True,NONE,2014-01-05 15:00:00+00:00,98432.731,True,NONE,2013-12-31 15:00:00+00:00,103783.994,True,NONE,2013-12-24 15:00:00+00:00,99115.919,True,NONE,2014-01-06,131141.653,109061.06470833332,True,NONE,True,NONE,2014-01-07 15:00:00+00:00,-44.35940720691966,48.702168599999965,0.10488603333333657,0.20977206666668646,-30.8070546333333,-30.911940666666652,16.0,-30.702168599999965,97.94140000000002,5.908065398736353,1028.0024842100001
2014-01-07,2014-01-07 11:00:00-05:00,2014-01-07 16:00:00+00:00,-5.0,0,11,1,1,2014,0,0,24,134382.174,True,NONE,132168.0,True,NONE,2014-01-06 00:00:00+00:00,2014-01-06 00:00:00+00:00,17.0,2014-01-06 17:00:00+00:00,0,2014-01-06 16:00:00+00:00,23.0,2014-01-06 16:00:00+00:00,111981.587,True,NONE,2014-01-06 16:00:00+00:00,111981.587,True,NONE,2014-01-05 16:00:00+00:00,98189.475,True,NONE,2013-12-31 16:00:00+00:00,102913.356,True,NONE,2013-12-24 16:00:00+00:00,97880.051,True,NONE,2014-01-06,131141.653,109061.06470833332,True,NONE,True,NONE,2014-01-07 16:00:00+00:00,-44.31145742060599,48.59538796666664,0.10678063333332322,0.2116666666666598,-30.702168599999965,-30.8070546333333,17.0,-30.595387966666642,97.97262733333335,5.992831234220967,1027.78965614
2014-01-07,2014-01-07 12:00:00-05:00,2014-01-07 17:00:00+00:00,-5.0,0,12,1,1,2014,0,0,24,132611.764,True,NONE,129246.0,True,NONE,2014-01-06 00:00:00+00:00,2014-01-06 00:00:00+00:00,17.0,2014-01-06 17:00:00+00:00,0,2014-01-06 16:00:00+00:00,24.0,2014-01-06 16:00:00+00:00,111981.587,True,NONE,2014-01-06 17:00:00+00:00,,False,AFTER_ORIGIN_CUTOFF,2014-01-05 17:00:00+00:00,98137.02,True,NONE,2013-12-31 17:00:00+00:00,101253.213,True,NONE,2013-12-24 17:00:00+00:00,96221.006,True,NONE,2014-01-06,131141.653,109061.06470833332,True,NONE,True,NONE,2014-01-07 17:00:00+00:00,-44.26310430717803,48.4886073333333,0.10678063333334453,0.21356126666666775,-30.595387966666642,-30.702168599999965,18.0,-30.4886073333333,98.00385466666667,6.0785295501195495,1027.57682807
2014-01-07,2014-01-07 13:00:00-05:00,2014-01-07 18:00:00+00:00,-5.0,0,13,1,1,2014,0,0,24,130594.953,True,NONE,126552.0,True,NONE,2014-01-06 00:00:00+00:00,2014-01-06 00:00:00+00:00,17.0,2014-01-06 17:00:00+00:00,0,2014-01-06 16:00:00+00:00,25.0,2014-01-06 16:00:00+00:00,111981.587,True,NONE,2014-01-06 18:00:00+00:00,,False,AFTER_ORIGIN_CUTOFF,2014-01-05 18:00:00+00:00,97553.448,True,NONE,2013-12-31 18:00:00+00:00,100132.103,True,NONE,2013-12-24 18:00:00+00:00,94696.642,True,NONE,2014-01-06,131141.653,109061.06470833332,True,NONE,True,NONE,2014-01-07 18:00:00+00:00,-44.21430280810985,48.381826699999976,0.10678063333332144,0.21356126666666597,-30.4886073333333,-30.595387966666642,19.0,-30.381826699999976,98.035082,6.165121467324491,1027.364
2014-01-07,2014-01-07 14:00:00-05:00,2014-01-07 19:00:00+00:00,-5.0,0,14,1,1,2014,0,0,24,128823.938,True,NONE,124398.0,True,NONE,2014-01-06 00:00:00+00:00,2014-01-06 00:00:00+00:00,17.0,2014-01-06 17:00:00+00:00,0,2014-01-06 16:00:00+00:00,26.0,2014-01-06 16:00:00+00:00,111981.587,True,NONE,2014-01-06 19:00:00+00:00,,False,AFTER_ORIGIN_CUTOFF,2014-01-05 19:00:00+00:00,97037.81,True,NONE,2013-12-31 19:00:00+00:00,98740.687,True,NONE,2013-12-24 19:00:00+00:00,93866.839,True,NONE,2014-01-06,131141.653,109061.06470833332,True,NONE,True,NONE,2014-01-07 19:00:00+00:00,-44.12534764848922,48.21016003333331,0.17166666666666774,0.2784472999999892,-30.381826699999976,-30.4886073333333,20.0,-30.21016003333331,97.99813633333332,6.296434840105765,1027.2233333333334
2014-01-07,2014-01-07 15:00:00-05:00,2014-01-07 20:00:00+00:00,-5.0,0,15,1,1,2014,0,0,24,128079.207,True,NONE,123791.0,True,NONE,2014-01-06 00:00:00+00:00,2014-01-06 00:00:00+00:00,17.0,2014-01-06 17:00:00+00:00,0,2014-01-06 16:00:00+00:00,27.0,2014-01-06 16:00:00+00:00,111981.587,True,NONE,2014-01-06 20:00:00+00:00,,False,AFTER_ORIGIN_CUTOFF,2014-01-05 20:00:00+00:00,97171.263,True,NONE,2013-12-31 20:00:00+00:00,98207.868,True,NONE,2013-12-24 20:00:00+00:00,93732.049,True,NONE,2014-01-06,131141.653,109061.06470833332,True,NONE,True,NONE,2014-01-07 20:00:00+00:00,-44.03422607317077,48.03849336666665,0.17166666666665886,0.3433333333333266,-30.21016003333331,-30.381826699999976,21.0,-30.03849336666665,97.96119066666667,6.428616085109375,1027.0826666666667
2014-01-07,2014-01-07 16:00:00-05:00,2014-01-07 21:00:00+00:00,-5.0,0,16,1,1,2014,0,0,24,130440.36,True,NONE,125979.0,True,NONE,2014-01-06 00:00:00+00:00,2014-01-06 00:00:00+00:00,17.0,2014-01-06 17:00:00+00:00,0,2014-01-06 16:00:00+00:00,28.0,2014-01-06 16:00:00+00:00,111981.587,True,NONE,2014-01-06 21:00:00+00:00,,False,AFTER_ORIGIN_CUTOFF,2014-01-05 21:00:00+00:00,100019.566,True,NONE,2013-12-31 21:00:00+00:00,100525.504,True,NONE,2013-12-24 21:00:00+00:00,96734.397,True,NONE,2014-01-06,131141.653,109061.06470833332,True,NONE,True,NONE,2014-01-07 21:00:00+00:00,-43.94094241838752,47.86682669999998,0.17166666666666686,0.3433333333333257,-30.03849336666665,-30.21016003333331,22.0,-29.866826699999983,97.924245,6.561612744237257,1026.942
2014-01-07,2014-01-07 17:00:00-05:00,2014-01-07 22:00:00+00:00,-5.0,0,17,1,1,2014,0,0,24,137604.377,True,NONE,131954.0,True,NONE,2014-01-06 00:00:00+00:00,2014-01-06 00:00:00+00:00,17.0,2014-01-06 17:00:00+00:00,0,2014-01-06 16:00:00+00:00,29.0,2014-01-06 16:00:00+00:00,111981.587,True,NONE,2014-01-06 22:00:00+00:00,,False,AFTER_ORIGIN_CUTOFF,2014-01-05 22:00:00+00:00,105903.865,True,NONE,2013-12-31 22:00:00+00:00,108410.849,True,NONE,2013-12-24 22:00:00+00:00,103667.868,True,NONE,2014-01-06,131141.653,109061.06470833332,True,NONE,True,NONE,2014-01-07 22:00:00+00:00,-43.8086503127636,47.66843579999998,0.1983908999999997,0.37005756666666656,-29.866826699999983,-30.03849336666665,23.0,-29.668435799999983,97.840467,6.692534341897322,1026.6797930666667
2014-01-07,2014-01-07 18:00:00-05:00,2014-01-07 23:00:00+00:00,-5.0,0,18,1,1,2014,0,0,24,140510.233,True,NONE,137965.0,True,NONE,2014-01-06 00:00:00+00:00,2014-01-06 00:00:00+00:00,17.0,2014-01-06 17:00:00+00:00,0,2014-01-06 16:00:00+00:00,30.0,2014-01-06 16:00:00+00:00,111981.587,True,NONE,2014-01-06 23:00:00+00:00,,False,AFTER_ORIGIN_CUTOFF,2014-01-05 23:00:00+00:00,107094.888,True,NONE,2013-12-31 23:00:00+00:00,109741.557,True,NONE,2013-12-24 23:00:00+00:00,104014.003,True,NONE,2014-01-06,131141.653,109061.06470833332,True,NONE,True,NONE,2014-01-07 23:00:00+00:00,-43.67801454712538,47.470044899999984,0.1983908999999997,0.3967817999999994,-29.668435799999983,-29.866826699999983,24.0,-29.470044899999984,97.75668900000001,6.8283963127664515,1026.4175861333333
2014-01-07,2014-01-07 19:00:00-05:00,2014-01-08 00:00:00+00:00,-5.0,0,19,1,1,2014,0,0,24,140128.509,True,NONE,139522.0,True,NONE,2014-01-06 00:00:00+00:00,2014-01-06 00:00:00+00:00,17.0,2014-01-06 17:00:00+00:00,0,2014-01-06 16:00:00+00:00,31.0,2014-01-06 16:00:00+00:00,111981.587,True,NONE,2014-01-07 00:00:00+00:00,,False,AFTER_ORIGIN_CUTOFF,2014-01-06 00:00:00+00:00,105407.017,True,NONE,2014-01-01 00:00:00+00:00,107029.934,True,NONE,2013-12-25 00:00:00+00:00,102582.987,True,NONE,2014-01-06,131141.653,109061.06470833332,True,NONE,True,NONE,2014-01-08 00:00:00+00:00,-43.548604585283556,47.271653999999984,0.1983908999999997,0.3967817999999994,-29.470044899999984,-29.668435799999983,25.0,-29.271653999999984,97.672911,6.968909662208159,1026.1553792
2014-01-07,2014-01-07 20:00:00-05:00,2014-01-08 01:00:00+00:00,-5.0,0,20,1,1,2014,0,0,24,138023.189,True,NONE,136748.0,True,NONE,2014-01-06 00:00:00+00:00,2014-01-06 00:00:00+00:00,17.0,2014-01-06 17:00:00+00:00,0,2014-01-06 16:00:00+00:00,32.0,2014-01-06 16:00:00+00:00,111981.587,True,NONE,2014-01-07 01:00:00+00:00,,False,AFTER_ORIGIN_CUTOFF,2014-01-06 01:00:00+00:00,103217.08,True,NONE,2014-01-01 01:00:00+00:00,104017.636,True,NONE,2013-12-25 01:00:00+00:00,102128.548,True,NONE,2014-01-06,131141.653,109061.06470833332,True,NONE,True,NONE,2014-01-08 01:00:00+00:00,-43.34205695284832,46.97276933333332,0.2988846666666669,0.4972755666666666,-29.271653999999984,-29.470044899999984,26.0,-28.972769333333318,97.60177633333333,7.173554002263937,1025.4861349333332
2014-01-07,2014-01-07 21:00:00-05:00,2014-01-08 02:00:00+00:00,-5.0,0,21,1,1,2014,0,0,24,133810.869,True,NONE,,False,NO_COMPLETE_VINTAGE,2014-01-06 00:00:00+00:00,2014-01-06 00:00:00+00:00,17.0,2014-01-06 17:00:00+00:00,0,2014-01-06 16:00:00+00:00,33.0,2014-01-06 16:00:00+00:00,111981.587,True,NONE,2014-01-07 02:00:00+00:00,,False,AFTER_ORIGIN_CUTOFF,2014-01-06 02:00:00+00:00,98927.982,True,NONE,2014-01-01 02:00:00+00:00,100683.011,True,NONE,2013-12-25 02:00:00+00:00,101478.199,True,NONE,2014-01-06,131141.653,109061.06470833332,True,NONE,True,NONE,2014-01-08 02:00:00+00:00,-43.131244465777215,46.673884666666645,0.29888466666667135,0.5977693333333383,-28.972769333333318,-29.271653999999984,27.0,-28.673884666666645,97.53064166666667,7.380314227127176,1024.8168906666667
2014-01-07,2014-01-07 22:00:00-05:00,2014-01-08 03:00:00+00:00,-5.0,0,22,1,1,2014,0,0,24,127358.569,True,NONE,,False,NO_COMPLETE_VINTAGE,2014-01-06 00:00:00+00:00,2014-01-06 00:00:00+00:00,17.0,2014-01-06 17:00:00+00:00,0,2014-01-06 16:00:00+00:00,34.0,2014-01-06 16:00:00+00:00,111981.587,True,NONE,2014-01-07 03:00:00+00:00,,False,AFTER_ORIGIN_CUTOFF,2014-01-06 03:00:00+00:00,94087.82,True,NONE,2014-01-01 03:00:00+00:00,97502.767,True,NONE,2013-12-25 03:00:00+00:00,99644.327,True,NONE,2014-01-06,131141.653,109061.06470833332,True,NONE,True,NONE,2014-01-08 03:00:00+00:00,-42.916154444911896,46.37499999999998,0.2988846666666669,0.5977693333333383,-28.673884666666645,-28.972769333333318,28.0,-28.37499999999998,97.459507,7.589017391975724,1024.1476464
2014-01-07,2014-01-07 23:00:00-05:00,2014-01-08 04:00:00+00:00,-5.0,0,23,1,1,2014,0,0,24,121529.092,True,NONE,,False,NO_COMPLETE_VINTAGE,2014-01-06 00:00:00+00:00,2014-01-06 00:00:00+00:00,17.0,2014-01-06 17:00:00+00:00,0,2014-01-06 16:00:00+00:00,35.0,2014-01-06 16:00:00+00:00,111981.587,True,NONE,2014-01-07 04:00:00+00:00,,False,AFTER_ORIGIN_CUTOFF,2014-01-06 04:00:00+00:00,89198.695,True,NONE,2014-01-01 04:00:00+00:00,94447.526,True,NONE,2013-12-25 04:00:00+00:00,96348.839,True,NONE,2014-01-06,131141.653,109061.06470833332,True,NONE,True,NONE,2014-01-08 04:00:00+00:00,-42.64659194267669,45.99166666666664,0.38333333333333997,0.6822180000000069,-28.37499999999998,-28.673884666666645,29.0,-27.99166666666664,97.357147,7.875377253125731,1023.43558192
2014-03-09,2014-03-09 00:00:00-05:00,2014-03-09 05:00:00+00:00,-5.0,0,0,6,3,2014,1,0,23,77344.613,True,NONE,,False,NO_COMPLETE_VINTAGE,,,,2014-03-08 17:00:00+00:00,0,2014-03-08 16:00:00+00:00,12.0,2014-03-08 16:00:00+00:00,88813.171,True,NONE,2014-03-08 05:00:00+00:00,85959.937,True,NONE,2014-03-07 05:00:00+00:00,94328.016,True,NONE,2014-03-02 05:00:00+00:00,85847.969,True,NONE,2014-02-23 05:00:00+00:00,78455.402,True,NONE,2014-03-08,93268.439,86670.91625,True,NONE,True,NONE,2014-03-09 05:00:00+00:00,-35.25103931609736,41.57916666666666,-0.10333333333335304,-0.20666666666667854,-23.475833333333306,-23.37249999999998,6.0,-23.57916666666666,99.93074666666666,5.826438560885809,1010.7724302400001
2014-03-09,2014-03-09 01:00:00-05:00,2014-03-09 06:00:00+00:00,-5.0,0,1,6,3,2014,1,0,23,75060.968,True,NONE,,False,NO_COMPLETE_VINTAGE,,,,2014-03-08 17:00:00+00:00,0,2014-03-08 16:00:00+00:00,13.0,2014-03-08 16:00:00+00:00,88813.171,True,NONE,2014-03-08 06:00:00+00:00,84062.132,True,NONE,2014-03-07 06:00:00+00:00,92010.408,True,NONE,2014-03-02 06:00:00+00:00,83771.188,True,NONE,2014-02-23 06:00:00+00:00,76493.789,True,NONE,2014-03-08,93268.439,86670.91625,True,NONE,True,NONE,2014-03-09 06:00:00+00:00,-35.42492280169313,41.68249999999998,-0.10333333333332462,-0.20666666666667766,-23.57916666666666,-23.475833333333306,7.0,-23.682499999999983,99.90862,5.872932711399768,1010.66772928
2014-03-09,2014-03-09 03:00:00-04:00,2014-03-09 07:00:00+00:00,-4.0,0,3,6,3,2014,1,0,23,74561.084,True,NONE,,False,NO_COMPLETE_VINTAGE,,,,2014-03-08 17:00:00+00:00,1,2014-03-08 16:00:00+00:00,14.0,2014-03-08 16:00:00+00:00,88813.171,True,NONE,2014-03-08 07:00:00+00:00,83422.77,True,NONE,2014-03-07 07:00:00+00:00,91198.497,True,NONE,2014-03-02 07:00:00+00:00,82996.761,True,NONE,2014-02-23 07:00:00+00:00,75777.284,True,NONE,2014-03-08,93268.439,86670.91625,True,NONE,True,NONE,2014-03-09 07:00:00+00:00,-35.50776762752957,41.79083333333331,-0.10833333333332718,-0.2116666666666518,-23.682499999999983,-23.57916666666666,8.0,-23.79083333333331,99.93908,5.814203999640714,1010.7211528533335
2014-03-09,2014-03-09 04:00:00-04:00,2014-03-09 08:00:00+00:00,-4.0,0,4,6,3,2014,1,0,23,74878.541,True,NONE,,False,NO_COMPLETE_VINTAGE,,,,2014-03-08 17:00:00+00:00,1,2014-03-08 16:00:00+00:00,15.0,2014-03-08 16:00:00+00:00,88813.171,True,NONE,2014-03-08 08:00:00+00:00,83458.237,True,NONE,2014-03-07 08:00:00+00:00,91382.354,True,NONE,2014-03-02 08:00:00+00:00,82454.901,True,NONE,2014-02-23 08:00:00+00:00,75552.003,True,NONE,2014-03-08,93268.439,86670.91625,True,NONE,True,NONE,2014-03-09 08:00:00+00:00,-35.59198993501324,41.89916666666665,-0.10833333333333961,-0.21666666666666679,-23.79083333333331,-23.682499999999983,9.0,-23.899166666666652,99.96954000000001,5.757672044785135,1010.7745764266667
2014-03-09,2014-03-09 05:00:00-04:00,2014-03-09 09:00:00+00:00,-4.0,0,5,6,3,2014,1,0,23,76124.274,True,NONE,,False,NO_COMPLETE_VINTAGE,,,,2014-03-08 17:00:00+00:00,1,2014-03-08 16:00:00+00:00,16.0,2014-03-08 16:00:00+00:00,88813.171,True,NONE,2014-03-08 09:00:00+00:00,84581.878,True,NONE,2014-03-07 09:00:00+00:00,93563.178,True,NONE,2014-03-02 09:00:00+00:00,82917.317,True,NONE,2014-02-23 09:00:00+00:00,76119.239,True,NONE,2014-03-08,93268.439,86670.91625,True,NONE,True,NONE,2014-03-09 09:00:00+00:00,-35.677705156296426,42.00749999999998,-0.10833333333332984,-0.21666666666666945,-23.899166666666652,-23.79083333333331,10.0,-24.00749999999998,100.0,5.7034024456769306,1010.828
2014-03-09,2014-03-09 06:00:00-04:00,2014-03-09 10:00:00+00:00,-4.0,0,6,6,3,2014,1,0,23,78655.69,True,NONE,,False,NO_COMPLETE_VINTAGE,,,,2014-03-08 17:00:00+00:00,1,2014-03-08 16:00:00+00:00,17.0,2014-03-08 16:00:00+00:00,88813.171,True,NONE,2014-03-08 10:00:00+00:00,87231.516,True,NONE,2014-03-07 10:00:00+00:00,99017.598,True,NONE,2014-03-02 10:00:00+00:00,84517.382,True,NONE,2014-02-23 10:00:00+00:00,77805.254,True,NONE,2014-03-08,93268.439,86670.91625,True,NONE,True,NONE,2014-03-09 10:00:00+00:00,-35.76118928888998,42.099539999999976,-0.09203999999999457,-0.2003733333333244,-24.00749999999998,-23.899166666666652,11.0,-24.099539999999976,99.99544633333333,5.6689259368224265,1010.8186770833333
2014-03-09,2014-03-09 07:00:00-04:00,2014-03-09 11:00:00+00:00,-4.0,0,7,6,3,2014,1,0,23,82061.763,True,NONE,,False,NO_COMPLETE_VINTAGE,,,,2014-03-08 17:00:00+00:00,1,2014-03-08 16:00:00+00:00,18.0,2014-03-08 16:00:00+00:00,88813.171,True,NONE,2014-03-08 11:00:00+00:00,90584.568,True,NONE,2014-03-07 11:00:00+00:00,107625.154,True,NONE,2014-03-02 11:00:00+00:00,87027.697,True,NONE,2014-02-23 11:00:00+00:00,80629.818,True,NONE,2014-03-08,93268.439,86670.91625,True,NONE,True,NONE,2014-03-09 11:00:00+00:00,-35.84439628958734,42.19157999999997,-0.09203999999999901,-0.18407999999999358,-24.099539999999976,-24.00749999999998,12.0,-24.191579999999973,99.99089266666667,5.634455913709557,1010.8093541666667
2014-03-09,2014-03-09 08:00:00-04:00,2014-03-09 12:00:00+00:00,-4.0,0,8,6,3,2014,1,0,23,84381.585,True,NONE,,False,NO_COMPLETE_VINTAGE,,,,2014-03-08 17:00:00+00:00,1,2014-03-08 16:00:00+00:00,19.0,2014-03-08 16:00:00+00:00,88813.171,True,NONE,2014-03-08 12:00:00+00:00,92611.497,True,NONE,2014-03-07 12:00:00+00:00,111111.294,True,NONE,2014-03-02 12:00:00+00:00,89524.081,True,NONE,2014-02-23 12:00:00+00:00,83082.172,True,NONE,2014-03-08,93268.439,86670.91625,True,NONE,True,NONE,2014-03-09 12:00:00+00:00,-35.9273236148443,42.28361999999997,-0.09203999999999901,-0.18407999999999802,-24.191579999999973,-24.099539999999976,13.0,-24.28361999999997,99.986339,5.599992502879116,1010.80003125
2014-03-09,2014-03-09 09:00:00-04:00,2014-03-09 13:00:00+00:00,-4.0,0,9,6,3,2014,1,0,23,85856.336,True,NONE,,False,NO_COMPLETE_VINTAGE,,,,2014-03-08 17:00:00+00:00,1,2014-03-08 16:00:00+00:00,20.0,2014-03-08 16:00:00+00:00,88813.171,True,NONE,2014-03-08 13:00:00+00:00,93268.439,True,NONE,2014-03-07 13:00:00+00:00,110265.362,True,NONE,2014-03-02 13:00:00+00:00,92490.5,True,NONE,2014-02-23 13:00:00+00:00,85452.484,True,NONE,2014-03-08,93268.439,86670.91625,True,NONE,True,NONE,2014-03-09 13:00:00+00:00,-35.96119246824158,42.33907999999997,-0.05545999999999296,-0.14749999999999197,-24.28361999999997,-24.191579999999973,14.0,-24.339079999999967,99.98801933333334,5.562891974080642,1010.8597796066667
2014-03-09,2014-03-09 10:00:00-04:00,2014-03-09 14:00:00+00:00,-4.0,0,10,6,3,2014,1,0,23,86222.022,True,NONE,,False,NO_COMPLETE_VINTAGE,,,,2014-03-08 17:00:00+00:00,1,2014-03-08 16:00:00+00:00,21.0,2014-03-08 16:00:00+00:00,88813.171,True,NONE,2014-03-08 14:00:00+00:00,92412.468,True,NONE,2014-03-07 14:00:00+00:00,108285.164,True,NONE,2014-03-02 14:00:00+00:00,94100.693,True,NONE,2014-02-23 14:00:00+00:00,86268.625,True,NONE,2014-03-08,93268.439,86670.91625,True,NONE,True,NONE,2014-03-09 14:00:00+00:00,-35.99648334049698,42.39453999999999,-0.055460000000028487,-0.11092000000002145,-24.339079999999967,-24.28361999999997,15.0,-24.394539999999992,99.98969966666667,5.527523760810621,1010.9195279633333
2014-03-09,2014-03-09 11:00:00-04:00,2014-03-09 15:00:00+00:00,-4.0,0,11,6,3,2014,1,0,23,85466.786,True,NONE,,False,NO_COMPLETE_VINTAGE,,,,2014-03-08 17:00:00+00:00,1,2014-03-08 16:00:00+00:00,22.0,2014-03-08 16:00:00+00:00,88813.171,True,NONE,2014-03-08 15:00:00+00:00,91079.648,True,NONE,2014-03-07 15:00:00+00:00,105971.943,True,NONE,2014-03-02 15:00:00+00:00,94308.781,True,NONE,2014-02-23 15:00:00+00:00,85687.353,True,NONE,2014-03-08,93268.439,86670.91625,True,NONE,True,NONE,2014-03-09 15:00:00+00:00,-36.03325988393983,42.44999999999999,-0.055459999999994736,-0.11092000000002322,-24.394539999999992,-24.339079999999967,16.0,-24.44999999999999,99.99137999999999,5.49392181017207,1010.97927632
2014-03-09,2014-03-09 12:00:00-04:00,2014-03-09 16:00:00+00:00,-4.0,0,12,6,3,2014,1,0,23,84825.31,True,NONE,,False,NO_COMPLETE_VINTAGE,,,,2014-03-08 17:00:00+00:00,1,2014-03-08 16:00:00+00:00,23.0,2014-03-08 16:00:00+00:00,88813.171,True,NONE,2014-03-08 16:00:00+00:00,88813.171,True,NONE,2014-03-07 16:00:00+00:00,103348.974,True,NONE,2014-03-02 16:00:00+00:00,93398.445,True,NONE,2014-02-23 16:00:00+00:00,84045.19,True,NONE,2014-03-08,93268.439,86670.91625,True,NONE,True,NONE,2014-03-09 16:00:00+00:00,-36.01217864124442,42.54999999999998,-0.09999999999999432,-0.15545999999998905,-24.44999999999999,-24.394539999999992,17.0,-24.549999999999983,99.97758666666667,5.347085112125088,1011.0191842133333
2014-03-09,2014-03-09 13:00:00-04:00,2014-03-09 17:00:00+00:00,-4.0,0,13,6,3,2014,1,0,23,83142.723,True,NONE,,False,NO_COMPLETE_VINTAGE,,,,2014-03-08 17:00:00+00:00,1,2014-03-08 16:00:00+00:00,24.0,2014-03-08 16:00:00+00:00,88813.171,True,NONE,2014-03-08 17:00:00+00:00,,False,AFTER_ORIGIN_CUTOFF,2014-03-07 17:00:00+00:00,100851.835,True,NONE,2014-03-02 17:00:00+00:00,92817.198,True,NONE,2014-02-23 17:00:00+00:00,82379.565,True,NONE,2014-03-08,93268.439,86670.91625,True,NONE,True,NONE,2014-03-09 17:00:00+00:00,-35.98758390021062,42.64999999999997,-0.09999999999998721,-0.19999999999998153,-24.549999999999983,-24.44999999999999,18.0,-24.64999999999997,99.96379333333334,5.200710313285503,1011.0590921066666
2014-03-09,2014-03-09 14:00:00-04:00,2014-03-09 18:00:00+00:00,-4.0,0,14,6,3,2014,1,0,23,81489.93,True,NONE,,False,NO_COMPLETE_VINTAGE,,,,2014-03-08 17:00:00+00:00,1,2014-03-08 16:00:00+00:00,25.0,2014-03-08 16:00:00+00:00,88813.171,True,NONE,2014-03-08 18:00:00+00:00,,False,AFTER_ORIGIN_CUTOFF,2014-03-07 18:00:00+00:00,98985.718,True,NONE,2014-03-02 18:00:00+00:00,92574.593,True,NONE,2014-02-23 18:00:00+00:00,81152.647,True,NONE,2014-03-08,93268.439,86670.91625,True,NONE,True,NONE,2014-03-09 18:00:00+00:00,-35.95935558717646,42.749999999999964,-0.09999999999999432,-0.19999999999998153,-24.64999999999997,-24.549999999999983,19.0,-24.749999999999964,99.95,5.05483754991821,1011.0989999999999
2014-03-09,2014-03-09 15:00:00-04:00,2014-03-09 19:00:00+00:00,-4.0,0,15,6,3,2014,1,0,23,80354.446,True,NONE,,False,NO_COMPLETE_VINTAGE,,,,2014-03-08 17:00:00+00:00,1,2014-03-08 16:00:00+00:00,26.0,2014-03-08 16:00:00+00:00,88813.171,True,NONE,2014-03-08 19:00:00+00:00,,False,AFTER_ORIGIN_CUTOFF,2014-03-07 19:00:00+00:00,97201.46,True,NONE,2014-03-02 19:00:00+00:00,92446.81,True,NONE,2014-02-23 19:00:00+00:00,80206.777,True,NONE,2014-03-08,93268.439,86670.91625,True,NONE,True,NONE,2014-03-09 19:00:00+00:00,-35.979492027564824,42.88416666666663,-0.13416666666666544,-0.23416666666665975,-24.749999999999964,-24.64999999999997,20.0,-24.88416666666663,99.25755933333333,4.918133921611058,1011.4300921066666
2014-03-09,2014-03-09 16:00:00-04:00,2014-03-09 20:00:00+00:00,-4.0,0,16,6,3,2014,1,0,23,80132.019,True,NONE,,False,NO_COMPLETE_VINTAGE,,,,2014-03-08 17:00:00+00:00,1,2014-03-08 16:00:00+00:00,27.0,2014-03-08 16:00:00+00:00,88813.171,True,NONE,2014-03-08 20:00:00+00:00,,False,AFTER_ORIGIN_CUTOFF,2014-03-07 20:00:00+00:00,95722.515,True,NONE,2014-03-02 20:00:00+00:00,92877.064,True,NONE,2014-02-23 20:00:00+00:00,80198.674,True,NONE,2014-03-08,93268.439,86670.91625,True,NONE,True,NONE,2014-03-09 20:00:00+00:00,-35.9966130768524,43.01833333333331,-0.13416666666667965,-0.2683333333333451,-24.88416666666663,-24.749999999999964,21.0,-25.01833333333331,98.56511866666666,4.782523255588017,1011.7611842133333
2014-03-09,2014-03-09 17:00:00-04:00,2014-03-09 21:00:00+00:00,-4.0,0,17,6,3,2014,1,0,23,81732.032,True,NONE,,False,NO_COMPLETE_VINTAGE,,,,2014-03-08 17:00:00+00:00,1,2014-03-08 16:00:00+00:00,28.0,2014-03-08 16:00:00+00:00,88813.171,True,NONE,2014-03-08 21:00:00+00:00,,False,AFTER_ORIGIN_CUTOFF,2014-03-07 21:00:00+00:00,95345.915,True,NONE,2014-03-02 21:00:00+00:00,94975.179,True,NONE,2014-02-23 21:00:00+00:00,81734.976,True,NONE,2014-03-08,93268.439,86670.91625,True,NONE,True,NONE,2014-03-09 21:00:00+00:00,-36.01071552620472,43.152499999999975,-0.13416666666666544,-0.2683333333333451,-25.01833333333331,-24.88416666666663,22.0,-25.152499999999975,97.87267800000001,4.648101285604537,1012.0922763200001
2014-03-09,2014-03-09 18:00:00-04:00,2014-03-09 22:00:00+00:00,-4.0,0,18,6,3,2014,1,0,23,84721.345,True,NONE,,False,NO_COMPLETE_VINTAGE,,,,2014-03-08 17:00:00+00:00,1,2014-03-08 16:00:00+00:00,29.0,2014-03-08 16:00:00+00:00,88813.171,True,NONE,2014-03-08 22:00:00+00:00,,False,AFTER_ORIGIN_CUTOFF,2014-03-07 22:00:00+00:00,96871.993,True,NONE,2014-03-02 22:00:00+00:00,98514.868,True,NONE,2014-02-23 22:00:00+00:00,85755.376,True,NONE,2014-03-08,93268.439,86670.91625,True,NONE,True,NONE,2014-03-09 22:00:00+00:00,-35.91781337322976,43.29499999999997,-0.1424999999999983,-0.27666666666666373,-25.152499999999975,-25.01833333333331,23.0,-25.294999999999973,95.81511866666668,4.419346524982824,1012.0666439466667
2014-03-09,2014-03-09 19:00:00-04:00,2014-03-09 23:00:00+00:00,-4.0,0,19,6,3,2014,1,0,23,91194.863,True,NONE,,False,NO_COMPLETE_VINTAGE,,,,2014-03-08 17:00:00+00:00,1,2014-03-08 16:00:00+00:00,30.0,2014-03-08 16:00:00+00:00,88813.171,True,NONE,2014-03-08 23:00:00+00:00,,False,AFTER_ORIGIN_CUTOFF,2014-03-07 23:00:00+00:00,100598.467,True,NONE,2014-03-02 23:00:00+00:00,103462.132,True,NONE,2014-02-23 23:00:00+00:00,92229.386,True,NONE,2014-03-08,93268.439,86670.91625,True,NONE,True,NONE,2014-03-09 23:00:00+00:00,-35.813310122292066,43.43749999999997,-0.1424999999999983,-0.2849999999999966,-25.294999999999973,-25.152499999999975,24.0,-25.43749999999997,93.75755933333332,4.192072059908076,1012.0410115733333
2014-03-09,2014-03-09 20:00:00-04:00,2014-03-10 00:00:00+00:00,-4.0,0,20,6,3,2014,1,0,23,94943.048,True,NONE,,False,NO_COMPLETE_VINTAGE,,,,2014-03-08 17:00:00+00:00,1,2014-03-08 16:00:00+00:00,31.0,2014-03-08 16:00:00+00:00,88813.171,True,NONE,2014-03-09 00:00:00+00:00,,False,AFTER_ORIGIN_CUTOFF,2014-03-08 00:00:00+00:00,102522.086,True,NONE,2014-03-03 00:00:00+00:00,104907.289,True,NONE,2014-02-24 00:00:00+00:00,94943.098,True,NONE,2014-03-08,93268.439,86670.91625,True,NONE,True,NONE,2014-03-10 00:00:00+00:00,-35.69649148800985,43.57999999999997,-0.1424999999999983,-0.2849999999999966,-25.43749999999997,-25.294999999999973,25.0,-25.57999999999997,91.69999999999999,3.966532737051598,1012.0153792
2014-03-09,2014-03-09 21:00:00-04:00,2014-03-10 01:00:00+00:00,-4.0,0,21,6,3,2014,1,0,23,92767.936,True,NONE,,False,NO_COMPLETE_VINTAGE,,,,2014-03-08 17:00:00+00:00,1,2014-03-08 16:00:00+00:00,32.0,2014-03-08 16:00:00+00:00,88813.171,True,NONE,2014-03-09 01:00:00+00:00,,False,AFTER_ORIGIN_CUTOFF,2014-03-08 01:00:00+00:00,101307.268,True,NONE,2014-03-03 01:00:00+00:00,103543.71,True,NONE,2014-02-24 01:00:00+00:00,94455.785,True,NONE,2014-03-08,93268.439,86670.91625,True,NONE,True,NONE,2014-03-10 01:00:00+00:00,-35.621041622800554,43.73112066666664,-0.1511206666666718,-0.2936206666666701,-25.57999999999997,-25.43749999999997,26.0,-25.73112066666664,91.74831966666665,3.7745981733411775,1012.1955861333333
2014-03-09,2014-03-09 22:00:00-04:00,2014-03-10 02:00:00+00:00,-4.0,0,22,6,3,2014,1,0,23,89069.443,True,NONE,,False,NO_COMPLETE_VINTAGE,,,,2014-03-08 17:00:00+00:00,1,2014-03-08 16:00:00+00:00,33.0,2014-03-08 16:00:00+00:00,88813.171,True,NONE,2014-03-09 02:00:00+00:00,,False,AFTER_ORIGIN_CUTOFF,2014-03-08 02:00:00+00:00,98613.898,True,NONE,2014-03-03 02:00:00+00:00,100557.03,True,NONE,2014-02-24 02:00:00+00:00,91384.387,True,NONE,2014-03-08,93268.439,86670.91625,True,NONE,True,NONE,2014-03-10 02:00:00+00:00,-35.53352079026816,43.88224133333331,-0.15112066666667,-0.3022413333333418,-25.73112066666664,-25.57999999999997,27.0,-25.88224133333331,91.79663933333333,3.5832451391910713,1012.3757930666667
2014-03-09,2014-03-09 23:00:00-04:00,2014-03-10 03:00:00+00:00,-4.0,0,23,6,3,2014,1,0,23,84283.97,True,NONE,,False,NO_COMPLETE_VINTAGE,,,,2014-03-08 17:00:00+00:00,1,2014-03-08 16:00:00+00:00,34.0,2014-03-08 16:00:00+00:00,88813.171,True,NONE,2014-03-09 03:00:00+00:00,,False,AFTER_ORIGIN_CUTOFF,2014-03-08 03:00:00+00:00,94381.991,True,NONE,2014-03-03 03:00:00+00:00,96646.083,True,NONE,2014-02-24 03:00:00+00:00,87603.858,True,NONE,2014-03-08,93268.439,86670.91625,True,NONE,True,NONE,2014-03-10 03:00:00+00:00,-35.43294065408803,44.03336199999998,-0.1511206666666709,-0.3022413333333409,-25.88224133333331,-25.73112066666664,28.0,-26.033361999999983,91.844959,3.3925707077780367,1012.556
2014-07-15,2014-07-15 00:00:00-04:00,2014-07-15 04:00:00+00:00,-4.0,0,0,1,7,2014,0,0,24,88561.875,True,NONE,89779.0,True,NONE,2014-07-14 00:00:00+00:00,2014-07-14 00:00:00+00:00,16.0,2014-07-14 16:00:00+00:00,1,2014-07-14 15:00:00+00:00,12.0,2014-07-14 15:00:00+00:00,118006.973,True,NONE,2014-07-14 04:00:00+00:00,90388.772,True,NONE,2014-07-13 04:00:00+00:00,88223.018,True,NONE,2014-07-08 04:00:00+00:00,95034.105,True,NONE,2014-07-01 04:00:00+00:00,91834.558,True,NONE,2014-07-14,130829.47,106886.30141666668,True,NONE,True,NONE,2014-07-15 04:00:00+00:00,-1.583333333333286,19.583333333333286,0.1666666666666573,0.09999999999999465,-1.7499999999999432,-1.6833333333332805,5.0,-1.583333333333286,85.07613966666668,0.721324999525915,1018.3826770833333
2014-07-15,2014-07-15 01:00:00-04:00,2014-07-15 05:00:00+00:00,-4.0,0,1,1,7,2014,0,0,24,83416.023,True,NONE,84392.0,True,NONE,2014-07-14 00:00:00+00:00,2014-07-14 00:00:00+00:00,16.0,2014-07-14 16:00:00+00:00,1,2014-07-14 15:00:00+00:00,13.0,2014-07-14 15:00:00+00:00,118006.973,True,NONE,2014-07-14 05:00:00+00:00,84555.554,True,NONE,2014-07-13 05:00:00+00:00,82522.009,True,NONE,2014-07-08 05:00:00+00:00,88754.366,True,NONE,2014-07-01 05:00:00+00:00,86001.023,True,NONE,2014-07-14,130829.47,106886.30141666668,True,NONE,True,NONE,2014-07-15 05:00:00+00:00,-1.4166666666666288,19.41666666666663,0.16666666666665708,0.3333333333333144,-1.583333333333286,-1.7499999999999432,6.0,-1.4166666666666288,84.12727933333335,0.888047338326044,1018.2533541666667
2014-07-15,2014-07-15 02:00:00-04:00,2014-07-15 06:00:00+00:00,-4.0,0,2,1,7,2014,0,0,24,80231.534,True,NONE,80952.0,True,NONE,2014-07-14 00:00:00+00:00,2014-07-14 00:00:00+00:00,16.0,2014-07-14 16:00:00+00:00,1,2014-07-14 15:00:00+00:00,14.0,2014-07-14 15:00:00+00:00,118006.973,True,NONE,2014-07-14 06:00:00+00:00,81334.865,True,NONE,2014-07-13 06:00:00+00:00,78801.319,True,NONE,2014-07-08 06:00:00+00:00,84452.374,True,NONE,2014-07-01 06:00:00+00:00,82209.729,True,NONE,2014-07-14,130829.47,106886.30141666668,True,NONE,True,NONE,2014-07-15 06:00:00+00:00,-1.2499999999999716,19.24999999999997,0.1666666666666572,0.3333333333333143,-1.4166666666666288,-1.583333333333286,7.0,-1.2499999999999716,83.178419,1.0645780460353336,1018.12403125
2014-07-15,2014-07-15 03:00:00-04:00,2014-07-15 07:00:00+00:00,-4.0,0,3,1,7,2014,0,0,24,78341.335,True,NONE,78989.0,True,NONE,2014-07-14 00:00:00+00:00,2014-07-14 00:00:00+00:00,16.0,2014-07-14 16:00:00+00:00,1,2014-07-14 15:00:00+00:00,15.0,2014-07-14 15:00:00+00:00,118006.973,True,NONE,2014-07-14 07:00:00+00:00,79487.447,True,NONE,2014-07-13 07:00:00+00:00,76290.285,True,NONE,2014-07-08 07:00:00+00:00,81934.164,True,NONE,2014-07-01 07:00:00+00:00,80066.972,True,NONE,2014-07-14,130829.47,106886.30141666668,True,NONE,True,NONE,2014-07-15 07:00:00+00:00,-0.774999999999963,18.774999999999963,0.4750000000000085,0.6416666666666657,-1.2499999999999716,-1.4166666666666288,8.0,-0.774999999999963,81.40625733333334,1.3254315860833117,1018.0830208333334
2014-07-15,2014-07-15 04:00:00-04:00,2014-07-15 08:00:00+00:00,-4.0,0,4,1,7,2014,0,0,24,78669.418,True,NONE,78973.0,True,NONE,2014-07-14 00:00:00+00:00,2014-07-14 00:00:00+00:00,16.0,2014-07-14 16:00:00+00:00,1,2014-07-14 15:00:00+00:00,16.0,2014-07-14 15:00:00+00:00,118006.973,True,NONE,2014-07-14 08:00:00+00:00,79705.54,True,NONE,2014-07-13 08:00:00+00:00,74931.12,True,NONE,2014-07-08 08:00:00+00:00,81687.831,True,NONE,2014-07-01 08:00:00+00:00,79644.591,True,NONE,2014-07-14,130829.47,106886.30141666668,True,NONE,True,NONE,2014-07-15 08:00:00+00:00,-2.249418811845826,18.29999999999997,0.4749999999999943,0.9500000000000028,-0.774999999999963,-1.2499999999999716,9.0,-0.29999999999996874,79.63409566666667,1.586452891151891,1018.0420104166666
2014-07-15,2014-07-15 05:00:00-04:00,2014-07-15 09:00:00+00:00,-4.0,0,5,1,7,2014,0,0,24,81994.325,True,NONE,82060.0,True,NONE,2014-07-14 00:00:00+00:00,2014-07-14 00:00:00+00:00,16.0,2014-07-14 16:00:00+00:00,1,2014-07-14 15:00:00+00:00,17.0,2014-07-14 15:00:00+00:00,118006.973,True,NONE,2014-07-14 09:00:00+00:00,83301.639,True,NONE,2014-07-13 09:00:00+00:00,74675.63,True,NONE,2014-07-08 09:00:00+00:00,84519.901,True,NONE,2014-07-01 09:00:00+00:00,82020.007,True,NONE,2014-07-14,130829.47,106886.30141666668,True,NONE,True,NONE,2014-07-15 09:00:00+00:00,-2.073827628942053,17.82499999999996,0.4750000000000085,0.9500000000000028,-0.29999999999996874,-0.774999999999963,0.0,0.1750000000000398,77.861934,1.8475702289681089,1018.001
2014-07-15,2014-07-15 06:00:00-04:00,2014-07-15 10:00:00+00:00,-4.0,0,6,1,7,2014,0,0,24,86999.376,True,NONE,87361.0,True,NONE,2014-07-14 00:00:00+00:00,2014-07-14 00:00:00+00:00,16.0,2014-07-14 16:00:00+00:00,1,2014-07-14 15:00:00+00:00,18.0,2014-07-14 15:00:00+00:00,118006.973,True,NONE,2014-07-14 10:00:00+00:00,88861.351,True,NONE,2014-07-13 10:00:00+00:00,74492.282,True,NONE,2014-07-08 10:00:00+00:00,90191.498,True,NONE,2014-07-01 10:00:00+00:00,87122.351,True,NONE,2014-07-14,130829.47,106886.30141666668,True,NONE,True,NONE,2014-07-15 10:00:00+00:00,-2.205554296080906,17.795446333333274,0.029553666666686212,0.5045536666666948,0.1750000000000398,-0.29999999999996874,0.0,0.20455366666672598,78.96571366666667,1.9765185364040785,1017.5060104166666
2014-07-15,2014-07-15 07:00:00-04:00,2014-07-15 11:00:00+00:00,-4.0,0,7,1,7,2014,0,0,24,93320.351,True,NONE,93956.0,True,NONE,2014-07-14 00:00:00+00:00,2014-07-14 00:00:00+00:00,16.0,2014-07-14 16:00:00+00:00,1,2014-07-14 15:00:00+00:00,19.0,2014-07-14 15:00:00+00:00,118006.973,True,NONE,2014-07-14 11:00:00+00:00,95648.608,True,NONE,2014-07-13 11:00:00+00:00,77663.374,True,NONE,2014-07-08 11:00:00+00:00,97780.623,True,NONE,2014-07-01 11:00:00+00:00,94462.902,True,NONE,2014-07-14,130829.47,106886.30141666668,True,NONE,True,NONE,2014-07-15 11:00:00+00:00,-2.3286806724230367,17.76589266666663,0.029553666666643587,0.0591073333333298,0.20455366666672598,0.1750000000000398,0.0,0.23410733333336958,80.06949333333334,2.1060233663812835,1017.0110208333333
2014-07-15,2014-07-15 08:00:00-04:00,2014-07-15 12:00:00+00:00,-4.0,0,8,1,7,2014,0,0,24,98953.377,True,NONE,99498.0,True,NONE,2014-07-14 00:00:00+00:00,2014-07-14 00:00:00+00:00,16.0,2014-07-14 16:00:00+00:00,1,2014-07-14 15:00:00+00:00,20.0,2014-07-14 15:00:00+00:00,118006.973,True,NONE,2014-07-14 12:00:00+00:00,101527.641,True,NONE,2014-07-13 12:00:00+00:00,84575.67,True,NONE,2014-07-08 12:00:00+00:00,104358.566,True,NONE,2014-07-01 12:00:00+00:00,102206.798,True,NONE,2014-07-14,130829.47,106886.30141666668,True,NONE,True,NONE,2014-07-15 12:00:00+00:00,-2.4440151155506196,17.736338999999944,0.02955366666668626,0.05910733333332985,0.23410733333336958,0.20455366666672598,0.0,0.2636610000000558,81.17327300000001,2.235985540093542,1016.51603125
2014-07-15,2014-07-15 09:00:00-04:00,2014-07-15 13:00:00+00:00,-4.0,0,9,1,7,2014,0,0,24,104189.151,True,NONE,104377.0,True,NONE,2014-07-14 00:00:00+00:00,2014-07-14 00:00:00+00:00,16.0,2014-07-14 16:00:00+00:00,1,2014-07-14 15:00:00+00:00,21.0,2014-07-14 15:00:00+00:00,118006.973,True,NONE,2014-07-14 13:00:00+00:00,107128.963,True,NONE,2014-07-13 13:00:00+00:00,91830.176,True,NONE,2014-07-08 13:00:00+00:00,110724.763,True,NONE,2014-07-01 13:00:00+00:00,110120.761,True,NONE,2014-07-14,130829.47,106886.30141666668,True,NONE,True,NONE,2014-07-15 13:00:00+00:00,-2.5762086651088505,17.707559333333307,0.028779666666636672,0.05833333333332293,0.2636610000000558,0.23410733333336958,0.0,0.2924406666666925,81.79051533333333,2.387807950211122,1016.4876875
2014-07-15,2014-07-15 10:00:00-04:00,2014-07-15 14:00:00+00:00,-4.0,0,10,1,7,2014,0,0,24,109072.423,True,NONE,108923.0,True,NONE,2014-07-14 00:00:00+00:00,2014-07-14 00:00:00+00:00,16.0,2014-07-14 16:00:00+00:00,1,2014-07-14 15:00:00+00:00,22.0,2014-07-14 15:00:00+00:00,118006.973,True,NONE,2014-07-14 14:00:00+00:00,113001.735,True,NONE,2014-07-13 14:00:00+00:00,98688.423,True,NONE,2014-07-08 14:00:00+00:00,116822.881,True,NONE,2014-07-01 14:00:00+00:00,117269.104,True,NONE,2014-07-14,130829.47,106886.30141666668,True,NONE,True,NONE,2014-07-15 14:00:00+00:00,-2.6994665706978798,17.678779666666614,0.028779666666693557,0.05755933333333023,0.2924406666666925,0.2636610000000558,0.0,0.32122033333338607,82.40775766666667,2.539664929118091,1016.45934375
2014-07-15,2014-07-15 11:00:00-04:00,2014-07-15 15:00:00+00:00,-4.0,0,11,1,7,2014,0,0,24,113107.124,True,NONE,111499.0,True,NONE,2014-07-14 00:00:00+00:00,2014-07-14 00:00:00+00:00,16.0,2014-07-14 16:00:00+00:00,1,2014-07-14 15:00:00+00:00,23.0,2014-07-14 15:00:00+00:00,118006.973,True,NONE,2014-07-14 15:00:00+00:00,118006.973,True,NONE,2014-07-13 15:00:00+00:00,105110.774,True,NONE,2014-07-08 15:00:00+00:00,122693.85,True,NONE,2014-07-01 15:00:00+00:00,123710.31,True,NONE,2014-07-14,130829.47,106886.30141666668,True,NONE,True,NONE,2014-07-15 15:00:00+00:00,-2.8147310162347727,17.649999999999977,0.028779666666636616,0.05755933333333017,0.32122033333338607,0.2924406666666925,0.0,0.3500000000000227,83.025,2.691550591992421,1016.431
2014-07-15,2014-07-15 12:00:00-04:00,2014-07-15 16:00:00+00:00,-4.0,0,12,1,7,2014,0,0,24,116094.38,True,NONE,114139.0,True,NONE,2014-07-14 00:00:00+00:00,2014-07-14 00:00:00+00:00,16.0,2014-07-14 16:00:00+00:00,1,2014-07-14 15:00:00+00:00,24.0,2014-07-14 15:00:00+00:00,118006.973,True,NONE,2014-07-14 16:00:00+00:00,,False,AFTER_ORIGIN_CUTOFF,2014-07-13 16:00:00+00:00,110945.252,True,NONE,2014-07-08 16:00:00+00:00,127198.564,True,NONE,2014-07-01 16:00:00+00:00,129025.189,True,NONE,2014-07-14,130829.47,106886.30141666668,True,NONE,True,NONE,2014-07-15 16:00:00+00:00,-2.8501202505498573,17.649999999999977,0.0,0.028779666666636616,0.3500000000000227,0.32122033333338607,0.0,0.3500000000000227,83.43333333333334,2.728641666939524,1015.9383333333334
2014-07-15,2014-07-15 13:00:00-04:00,2014-07-15 17:00:00+00:00,-4.0,0,13,1,7,2014,0,0,24,118280.047,True,NONE,116172.0,True,NONE,2014-07-14 00:00:00+00:00,2014-07-14 00:00:00+00:00,16.0,2014-07-14 16:00:00+00:00,1,2014-07-14 15:00:00+00:00,25.0,2014-07-14 15:00:00+00:00,118006.973,True,NONE,2014-07-14 17:00:00+00:00,,False,AFTER_ORIGIN_CUTOFF,2014-07-13 17:00:00+00:00,115415.128,True,NONE,2014-07-08 17:00:00+00:00,130954.747,True,NONE,2014-07-01 17:00:00+00:00,133164.201,True,NONE,2014-07-14,130829.47,106886.30141666668,True,NONE,True,NONE,2014-07-15 17:00:00+00:00,-2.8881372775471865,17.649999999999977,0.0,0.0,0.3500000000000227,0.3500000000000227,0.0,0.3500000000000227,83.84166666666667,2.7689637381107803,1015.4456666666667
2014-07-15,2014-07-15 14:00:00-04:00,2014-07-15 18:00:00+00:00,-4.0,0,14,1,7,2014,0,0,24,118298.687,True,NONE,117254.0,True,NONE,2014-07-14 00:00:00+00:00,2014-07-14 00:00:00+00:00,16.0,2014-07-14 16:00:00+00:00,1,2014-07-14 15:00:00+00:00,26.0,2014-07-14 15:00:00+00:00,118006.973,True,NONE,2014-07-14 18:00:00+00:00,,False,AFTER_ORIGIN_CUTOFF,2014-07-13 18:00:00+00:00,118454.552,True,NONE,2014-07-08 18:00:00+00:00,133343.152,True,NONE,2014-07-01 18:00:00+00:00,136198.579,True,NONE,2014-07-14,130829.47,106886.30141666668,True,NONE,True,NONE,2014-07-15 18:00:00+00:00,-2.9285548970437887,17.649999999999977,0.0,0.0,0.3500000000000227,0.3500000000000227,0.0,0.3500000000000227,84.25,2.8123784896481134,1014.953
2014-07-15,2014-07-15 15:00:00-04:00,2014-07-15 19:00:00+00:00,-4.0,0,15,1,7,2014,0,0,24,117289.508,True,NONE,117233.0,True,NONE,2014-07-14 00:00:00+00:00,2014-07-14 00:00:00+00:00,16.0,2014-07-14 16:00:00+00:00,1,2014-07-14 15:00:00+00:00,27.0,2014-07-14 15:00:00+00:00,118006.973,True,NONE,2014-07-14 19:00:00+00:00,,False,AFTER_ORIGIN_CUTOFF,2014-07-13 19:00:00+00:00,120593.451,True,NONE,2014-07-08 19:00:00+00:00,134707.649,True,NONE,2014-07-01 19:00:00+00:00,137919.07,True,NONE,2014-07-14,130829.47,106886.30141666668,True,NONE,True,NONE,2014-07-15 19:00:00+00:00,-2.8794058063813184,17.616666666666617,0.033333333333359916,0.033333333333359916,0.3500000000000227,0.3500000000000227,0.0,0.3833333333333826,83.87787333333334,2.8023359910221135,1014.7819078933333
2014-07-15,2014-07-15 16:00:00-04:00,2014-07-15 20:00:00+00:00,-4.0,0,16,1,7,2014,0,0,24,116520.593,True,NONE,116879.0,True,NONE,2014-07-14 00:00:00+00:00,2014-07-14 00:00:00+00:00,16.0,2014-07-14 16:00:00+00:00,1,2014-07-14 15:00:00+00:00,28.0,2014-07-14 15:00:00+00:00,118006.973,True,NONE,2014-07-14 20:00:00+00:00,,False,AFTER_ORIGIN_CUTOFF,2014-07-13 20:00:00+00:00,122600.33,True,NONE,2014-07-08 20:00:00+00:00,135558.974,True,NONE,2014-07-01 20:00:00+00:00,139326.921,True,NONE,2014-07-14,130829.47,106886.30141666668,True,NONE,True,NONE,2014-07-15 20:00:00+00:00,-2.8339946645074674,17.583333333333314,0.03333333333330302,0.06666666666666293,0.3833333333333826,0.3500000000000227,0.0,0.4166666666666856,83.50574666666667,2.7963503713299547,1014.6108157866666
2014-07-15,2014-07-15 17:00:00-04:00,2014-07-15 21:00:00+00:00,-4.0,0,17,1,7,2014,0,0,24,114796.611,True,NONE,115580.0,True,NONE,2014-07-14 00:00:00+00:00,2014-07-14 00:00:00+00:00,16.0,2014-07-14 16:00:00+00:00,1,2014-07-14 15:00:00+00:00,29.0,2014-07-14 15:00:00+00:00,118006.973,True,NONE,2014-07-14 21:00:00+00:00,,False,AFTER_ORIGIN_CUTOFF,2014-07-13 21:00:00+00:00,123428.332,True,NONE,2014-07-08 21:00:00+00:00,135044.869,True,NONE,2014-07-01 21:00:00+00:00,139379.87,True,NONE,2014-07-14,130829.47,106886.30141666668,True,NONE,True,NONE,2014-07-15 21:00:00+00:00,-2.7923462742308,17.549999999999955,0.03333333333335986,0.06666666666666288,0.4166666666666856,0.3833333333333826,0.0,0.4500000000000455,83.13362000000001,2.7944440490879767,1014.43972368
2014-07-15,2014-07-15 18:00:00-04:00,2014-07-15 22:00:00+00:00,-4.0,0,18,1,7,2014,0,0,24,111291.413,True,NONE,112792.0,True,NONE,2014-07-14 00:00:00+00:00,2014-07-14 00:00:00+00:00,16.0,2014-07-14 16:00:00+00:00,1,2014-07-14 15:00:00+00:00,30.0,2014-07-14 15:00:00+00:00,118006.973,True,NONE,2014-07-14 22:00:00+00:00,,False,AFTER_ORIGIN_CUTOFF,2014-07-13 22:00:00+00:00,122403.212,True,NONE,2014-07-08 22:00:00+00:00,131687.785,True,NONE,2014-07-01 22:00:00+00:00,136884.616,True,NONE,2014-07-14,130829.47,106886.30141666668,True,NONE,True,NONE,2014-07-15 22:00:00+00:00,-2.7717821358872428,17.51666666666665,0.03333333333330302,0.06666666666666288,0.4500000000000455,0.4166666666666856,0.0,0.4833333333333485,82.647989,2.815471661538286,1014.3341491200001
2014-07-15,2014-07-15 19:00:00-04:00,2014-07-15 23:00:00+00:00,-4.0,0,19,1,7,2014,0,0,24,107588.035,True,NONE,109038.0,True,NONE,2014-07-14 00:00:00+00:00,2014-07-14 00:00:00+00:00,16.0,2014-07-14 16:00:00+00:00,1,2014-07-14 15:00:00+00:00,31.0,2014-07-14 15:00:00+00:00,118006.973,True,NONE,2014-07-14 23:00:00+00:00,,False,AFTER_ORIGIN_CUTOFF,2014-07-13 23:00:00+00:00,119186.742,True,NONE,2014-07-08 23:00:00+00:00,125001.501,True,NONE,2014-07-01 23:00:00+00:00,132711.159,True,NONE,2014-07-14,130829.47,106886.30141666668,True,NONE,True,NONE,2014-07-15 23:00:00+00:00,-2.8020983615680946,17.48333333333329,0.03333333333335986,0.06666666666666288,0.4833333333333485,0.4500000000000455,0.0,0.5166666666667084,82.162358,2.8929129783604757,1014.22857456
2014-07-15,2014-07-15 20:00:00-04:00,2014-07-16 00:00:00+00:00,-4.0,0,20,1,7,2014,0,0,24,104703.617,True,NONE,106318.0,True,NONE,2014-07-14 00:00:00+00:00,2014-07-14 00:00:00+00:00,16.0,2014-07-14 16:00:00+00:00,1,2014-07-14 15:00:00+00:00,32.0,2014-07-14 15:00:00+00:00,118006.973,True,NONE,2014-07-15 00:00:00+00:00,,False,AFTER_ORIGIN_CUTOFF,2014-07-14 00:00:00+00:00,116614.427,True,NONE,2014-07-09 00:00:00+00:00,119166.299,True,NONE,2014-07-02 00:00:00+00:00,128350.893,True,NONE,2014-07-14,130829.47,106886.30141666668,True,NONE,True,NONE,2014-07-16 00:00:00+00:00,-2.8760119341417756,17.44999999999999,0.03333333333330302,0.06666666666666288,0.5166666666667084,0.4833333333333485,0.0,0.5500000000000114,81.676727,3.022422584841837,1014.123
2014-07-15,2014-07-15 21:00:00-04:00,2014-07-16 01:00:00+00:00,-4.0,0,21,1,7,2014,0,0,24,102343.247,True,NONE,,False,NO_COMPLETE_VINTAGE,2014-07-14 00:00:00+00:00,2014-07-14 00:00:00+00:00,16.0,2014-07-14 16:00:00+00:00,1,2014-07-14 15:00:00+00:00,33.0,2014-07-14 15:00:00+00:00,118006.973,True,NONE,2014-07-15 01:00:00+00:00,,False,AFTER_ORIGIN_CUTOFF,2014-07-14 01:00:00+00:00,114406.118,True,NONE,2014-07-09 01:00:00+00:00,114244.081,True,NONE,2014-07-02 01:00:00+00:00,124948.191,True,NONE,2014-07-14,130829.47,106886.30141666668,True,NONE,True,NONE,2014-07-16 01:00:00+00:00,-2.964105239205847,17.48333333333329,-0.03333333333330302,0.0,0.5500000000000114,0.5166666666667084,0.0,0.5166666666667084,81.62615133333334,3.0781863181394318,1013.863
2014-07-15,2014-07-15 22:00:00-04:00,2014-07-16 02:00:00+00:00,-4.0,0,22,1,7,2014,0,0,24,95851.732,True,NONE,,False,NO_COMPLETE_VINTAGE,2014-07-14 00:00:00+00:00,2014-07-14 00:00:00+00:00,16.0,2014-07-14 16:00:00+00:00,1,2014-07-14 15:00:00+00:00,34.0,2014-07-14 15:00:00+00:00,118006.973,True,NONE,2014-07-15 02:00:00+00:00,,False,AFTER_ORIGIN_CUTOFF,2014-07-14 02:00:00+00:00,107183.633,True,NONE,2014-07-09 02:00:00+00:00,106642.304,True,NONE,2014-07-02 02:00:00+00:00,116627.34,True,NONE,2014-07-14,130829.47,106886.30141666668,True,NONE,True,NONE,2014-07-16 02:00:00+00:00,-3.0711526322697758,17.51666666666665,-0.03333333333335986,-0.06666666666666288,0.5166666666667084,0.5500000000000114,0.0,0.4833333333333485,81.57557566666667,3.157268332581486,1013.603
2014-07-15,2014-07-15 23:00:00-04:00,2014-07-16 03:00:00+00:00,-4.0,0,23,1,7,2014,0,0,24,87726.902,True,NONE,,False,NO_COMPLETE_VINTAGE,2014-07-14 00:00:00+00:00,2014-07-14 00:00:00+00:00,16.0,2014-07-14 16:00:00+00:00,1,2014-07-14 15:00:00+00:00,35.0,2014-07-14 15:00:00+00:00,118006.973,True,NONE,2014-07-15 03:00:00+00:00,,False,AFTER_ORIGIN_CUTOFF,2014-07-14 03:00:00+00:00,98326.38,True,NONE,2014-07-09 03:00:00+00:00,97210.946,True,NONE,2014-07-02 03:00:00+00:00,106543.361,True,NONE,2014-07-14,130829.47,106886.30141666668,True,NONE,True,NONE,2014-07-16 03:00:00+00:00,-3.194630805742622,17.549999999999955,-0.03333333333330302,-0.06666666666666288,0.4833333333333485,0.5166666666667084,0.0,0.4500000000000455,81.525,3.2579619948620993,1013.3430000000001
2014-11-02,2014-11-02 00:00:00-04:00,2014-11-02 04:00:00+00:00,-4.0,0,0,6,11,2014,1,0,25,73847.095,True,NONE,,False,NO_COMPLETE_VINTAGE,,,,2014-11-01 16:00:00+00:00,1,2014-11-01 15:00:00+00:00,12.0,2014-11-01 15:00:00+00:00,86534.115,True,NONE,2014-11-01 04:00:00+00:00,72812.34,True,NONE,2014-10-31 04:00:00+00:00,72399.602,True,NONE,2014-10-26 04:00:00+00:00,64372.865,True,NONE,2014-10-19 04:00:00+00:00,65609.366,True,NONE,2014-11-01,88914.932,80141.13870833332,True,NONE,True,NONE,2014-11-02 04:00:00+00:00,-29.798635166666642,47.79863516666664,-0.2947690666666585,-1.561891099999988,-29.503866099999982,-28.236744066666652,5.0,-29.798635166666642,99.93572166666667,0.7532464966745219,1010.9733952533334
2014-11-02,2014-11-02 01:00:00-04:00,2014-11-02 05:00:00+00:00,-4.0,0,1,6,11,2014,1,0,25,72548.213,True,NONE,,False,NO_COMPLETE_VINTAGE,,,,2014-11-01 16:00:00+00:00,1,2014-11-01 15:00:00+00:00,13.0,2014-11-01 15:00:00+00:00,86534.115,True,NONE,2014-11-01 05:00:00+00:00,70263.391,True,NONE,2014-10-31 05:00:00+00:00,70007.917,True,NONE,2014-10-26 05:00:00+00:00,61554.114,True,NONE,2014-10-19 05:00:00+00:00,63023.904,True,NONE,2014-11-01,88914.932,80141.13870833332,True,NONE,True,NONE,2014-11-02 05:00:00+00:00,-30.09340423333331,48.09340423333331,-0.29476906666666913,-0.5895381333333276,-29.798635166666642,-29.503866099999982,6.0,-30.09340423333331,99.94372433333334,0.8167090011469034,1010.7637905066666
2014-11-02,2014-11-02 01:00:00-05:00,2014-11-02 06:00:00+00:00,-5.0,1,1,6,11,2014,1,0,25,70843.792,True,NONE,,False,NO_COMPLETE_VINTAGE,,,,2014-11-01 16:00:00+00:00,0,2014-11-01 15:00:00+00:00,14.0,2014-11-01 15:00:00+00:00,86534.115,True,NONE,2014-11-01 06:00:00+00:00,68893.917,True,NONE,2014-10-31 06:00:00+00:00,68789.536,True,NONE,2014-10-26 06:00:00+00:00,60136.453,True,NONE,2014-10-19 06:00:00+00:00,61520.462,True,NONE,2014-11-01,88914.932,80141.13870833332,True,NONE,True,NONE,2014-11-02 06:00:00+00:00,-30.38817329999997,48.38817329999997,-0.29476906666666114,-0.5895381333333303,-30.09340423333331,-29.798635166666642,7.0,-30.38817329999997,99.951727,0.9467028826292514,1010.55418576
2014-11-02,2014-11-02 02:00:00-05:00,2014-11-02 07:00:00+00:00,-5.0,0,2,6,11,2014,1,0,25,70444.804,True,NONE,,False,NO_COMPLETE_VINTAGE,,,,2014-11-01 16:00:00+00:00,0,2014-11-01 15:00:00+00:00,15.0,2014-11-01 15:00:00+00:00,86534.115,True,NONE,2014-11-01 07:00:00+00:00,68352.456,True,NONE,2014-10-31 07:00:00+00:00,68671.54,True,NONE,2014-10-26 07:00:00+00:00,59536.24,True,NONE,2014-10-19 07:00:00+00:00,60657.181,True,NONE,2014-11-01,88914.932,80141.13870833332,True,NONE,True,NONE,2014-11-02 07:00:00+00:00,-30.438551266666636,48.438551266666636,-0.050377966666664165,-0.3451470333333253,-30.38817329999997,-30.09340423333331,8.0,-30.438551266666636,99.939159,0.9800319199731142,1010.58712384
2014-11-02,2014-11-02 03:00:00-05:00,2014-11-02 08:00:00+00:00,-5.0,0,3,6,11,2014,1,0,25,70443.556,True,NONE,,False,NO_COMPLETE_VINTAGE,,,,2014-11-01 16:00:00+00:00,0,2014-11-01 15:00:00+00:00,16.0,2014-11-01 15:00:00+00:00,86534.115,True,NONE,2014-11-01 08:00:00+00:00,68693.022,True,NONE,2014-10-31 08:00:00+00:00,70150.262,True,NONE,2014-10-26 08:00:00+00:00,59378.136,True,NONE,2014-10-19 08:00:00+00:00,60748.011,True,NONE,2014-11-01,88914.932,80141.13870833332,True,NONE,True,NONE,2014-11-02 08:00:00+00:00,-30.488929233333295,48.488929233333295,-0.050377966666659724,-0.10075593333332389,-30.438551266666636,-30.38817329999997,9.0,-30.488929233333295,99.926591,1.0302587600490085,1010.62006192
2014-11-02,2014-11-02 04:00:00-05:00,2014-11-02 09:00:00+00:00,-5.0,0,4,6,11,2014,1,0,25,71667.553,True,NONE,,False,NO_COMPLETE_VINTAGE,,,,2014-11-01 16:00:00+00:00,0,2014-11-01 15:00:00+00:00,17.0,2014-11-01 15:00:00+00:00,86534.115,True,NONE,2014-11-01 09:00:00+00:00,70347.797,True,NONE,2014-10-31 09:00:00+00:00,75087.967,True,NONE,2014-10-26 09:00:00+00:00,60513.622,True,NONE,2014-10-19 09:00:00+00:00,61906.164,True,NONE,2014-11-01,88914.932,80141.13870833332,True,NONE,True,NONE,2014-11-02 09:00:00+00:00,-30.53930719999996,48.53930719999996,-0.05037796666666594,-0.10075593333332566,-30.488929233333295,-30.438551266666636,10.0,-30.53930719999996,99.914023,1.0950607718827803,1010.653
2014-11-02,2014-11-02 05:00:00-05:00,2014-11-02 10:00:00+00:00,-5.0,0,5,6,11,2014,1,0,25,73305.769,True,NONE,,False,NO_COMPLETE_VINTAGE,,,,2014-11-01 16:00:00+00:00,0,2014-11-01 15:00:00+00:00,18.0,2014-11-01 15:00:00+00:00,86534.115,True,NONE,2014-11-01 10:00:00+00:00,73699.309,True,NONE,2014-10-31 10:00:00+00:00,84040.897,True,NONE,2014-10-26 10:00:00+00:00,62889.486,True,NONE,2014-10-19 10:00:00+00:00,64111.37,True,NONE,2014-11-01,88914.932,80141.13870833332,True,NONE,True,NONE,2014-11-02 10:00:00+00:00,-30.48970616666663,48.48970616666663,0.04960103333333166,-0.0007769333333342843,-30.53930719999996,-30.488929233333295,11.0,-30.48970616666663,99.93263333333333,1.0945786620492632,1010.3760000000001
2014-11-02,2014-11-02 06:00:00-05:00,2014-11-02 11:00:00+00:00,-5.0,0,6,6,11,2014,1,0,25,76267.412,True,NONE,,False,NO_COMPLETE_VINTAGE,,,,2014-11-01 16:00:00+00:00,0,2014-11-01 15:00:00+00:00,19.0,2014-11-01 15:00:00+00:00,86534.115,True,NONE,2014-11-01 11:00:00+00:00,77774.086,True,NONE,2014-10-31 11:00:00+00:00,90643.716,True,NONE,2014-10-26 11:00:00+00:00,65964.611,True,NONE,2014-10-19 11:00:00+00:00,66936.497,True,NONE,2014-11-01,88914.932,80141.13870833332,True,NONE,True,NONE,2014-11-02 11:00:00+00:00,-30.440105133333304,48.440105133333304,0.04960103333332544,0.0992020666666571,-30.48970616666663,-30.53930719999996,12.0,-30.440105133333304,99.95124366666667,1.0949585839828013,1010.0989999999999
2014-11-02,2014-11-02 07:00:00-05:00,2014-11-02 12:00:00+00:00,-5.0,0,7,6,11,2014,1,0,25,79196.719,True,NONE,,False,NO_COMPLETE_VINTAGE,,,,2014-11-01 16:00:00+00:00,0,2014-11-01 15:00:00+00:00,20.0,2014-11-01 15:00:00+00:00,86534.115,True,NONE,2014-11-01 12:00:00+00:00,81462.105,True,NONE,2014-10-31 12:00:00+00:00,91281.117,True,NONE,2014-10-26 12:00:00+00:00,68802.691,True,NONE,2014-10-19 12:00:00+00:00,70179.639,True,NONE,2014-11-01,88914.932,80141.13870833332,True,NONE,True,NONE,2014-11-02 12:00:00+00:00,-30.390504099999973,48.39050409999997,0.04960103333332988,0.09920206666665532,-30.440105133333304,-30.48970616666663,13.0,-30.390504099999973,99.969854,1.0961991469994627,1009.8220000000001
2014-11-02,2014-11-02 08:00:00-05:00,2014-11-02 13:00:00+00:00,-5.0,0,8,6,11,2014,1,0,25,82000.525,True,NONE,,False,NO_COMPLETE_VINTAGE,,,,2014-11-01 16:00:00+00:00,0,2014-11-01 15:00:00+00:00,21.0,2014-11-01 15:00:00+00:00,86534.115,True,NONE,2014-11-01 13:00:00+00:00,84520.552,True,NONE,2014-10-31 13:00:00+00:00,90976.104,True,NONE,2014-10-26 13:00:00+00:00,70855.888,True,NONE,2014-10-19 13:00:00+00:00,72787.357,True,NONE,2014-11-01,88914.932,80141.13870833332,True,NONE,True,NONE,2014-11-02 13:00:00+00:00,-30.379445166666635,48.379445166666635,0.01105893333333885,0.06065996666666873,-30.390504099999973,-30.440105133333304,14.0,-30.379445166666635,99.94392933333334,1.1532452152493393,1009.7353333333334
2014-11-02,2014-11-02 09:00:00-05:00,2014-11-02 14:00:00+00:00,-5.0,0,9,6,11,2014,1,0,25,83611.877,True,NONE,,False,NO_COMPLETE_VINTAGE,,,,2014-11-01 16:00:00+00:00,0,2014-11-01 15:00:00+00:00,22.0,2014-11-01 15:00:00+00:00,86534.115,True,NONE,2014-11-01 14:00:00+00:00,86337.726,True,NONE,2014-10-31 14:00:00+00:00,90478.813,True,NONE,2014-10-26 14:00:00+00:00,71926.098,True,NONE,2014-10-19 14:00:00+00:00,73487.192,True,NONE,2014-11-01,88914.932,80141.13870833332,True,NONE,True,NONE,2014-11-02 14:00:00+00:00,-30.36838623333331,48.36838623333331,0.01105893333332375,0.0221178666666626,-30.379445166666635,-30.390504099999973,15.0,-30.36838623333331,99.91800466666668,1.2185446866674303,1009.6486666666667
2014-11-02,2014-11-02 10:00:00-05:00,2014-11-02 15:00:00+00:00,-5.0,0,10,6,11,2014,1,0,25,82696.197,True,NONE,,False,NO_COMPLETE_VINTAGE,,,,2014-11-01 16:00:00+00:00,0,2014-11-01 15:00:00+00:00,23.0,2014-11-01 15:00:00+00:00,86534.115,True,NONE,2014-11-01 15:00:00+00:00,86534.115,True,NONE,2014-10-31 15:00:00+00:00,89537.639,True,NONE,2014-10-26 15:00:00+00:00,72186.16,True,NONE,2014-10-19 15:00:00+00:00,73309.415,True,NONE,2014-11-01,88914.932,80141.13870833332,True,NONE,True,NONE,2014-11-02 15:00:00+00:00,-30.357327299999973,48.35732729999997,0.011058933333337961,0.022117866666661712,-30.36838623333331,-30.379445166666635,16.0,-30.357327299999973,99.89208,1.2908468104902378,1009.562
2014-11-02,2014-11-02 11:00:00-05:00,2014-11-02 16:00:00+00:00,-5.0,0,11,6,11,2014,1,0,25,80823.243,True,NONE,,False,NO_COMPLETE_VINTAGE,,,,2014-11-01 16:00:00+00:00,0,2014-11-01 15:00:00+00:00,24.0,2014-11-01 15:00:00+00:00,86534.115,True,NONE,2014-11-01 16:00:00+00:00,,False,AFTER_ORIGIN_CUTOFF,2014-10-31 16:00:00+00:00,88504.872,True,NONE,2014-10-26 16:00:00+00:00,72418.556,True,NONE,2014-10-19 16:00:00+00:00,73014.11,True,NONE,2014-11-01,88914.932,80141.13870833332,True,NONE,True,NONE,2014-11-02 16:00:00+00:00,-30.35005289999998,48.35005289999998,0.007274399999992909,0.01833333333333087,-30.357327299999973,-30.36838623333331,17.0,-30.35005289999998,99.91196233333335,1.2719065945285688,1009.4486770833333
2014-11-02,2014-11-02 12:00:00-05:00,2014-11-02 17:00:00+00:00,-5.0,0,12,6,11,2014,1,0,25,79291.98,True,NONE,,False,NO_COMPLETE_VINTAGE,,,,2014-11-01 16:00:00+00:00,0,2014-11-01 15:00:00+00:00,25.0,2014-11-01 15:00:00+00:00,86534.115,True,NONE,2014-11-01 17:00:00+00:00,,False,AFTER_ORIGIN_CUTOFF,2014-10-31 17:00:00+00:00,87687.19,True,NONE,2014-10-26 17:00:00+00:00,72134.12,True,NONE,2014-10-19 17:00:00+00:00,72254.481,True,NONE,2014-11-01,88914.932,80141.13870833332,True,NONE,True,NONE,2014-11-02 17:00:00+00:00,-30.34277849999998,48.34277849999998,0.007274399999999126,0.014548799999992035,-30.35005289999998,-30.357327299999973,18.0,-30.34277849999998,99.93184466666668,1.2543917684834662,1009.3353541666667
2014-11-02,2014-11-02 13:00:00-05:00,2014-11-02 18:00:00+00:00,-5.0,0,13,6,11,2014,1,0,25,78038.444,True,NONE,,False,NO_COMPLETE_VINTAGE,,,,2014-11-01 16:00:00+00:00,0,2014-11-01 15:00:00+00:00,26.0,2014-11-01 15:00:00+00:00,86534.115,True,NONE,2014-11-01 18:00:00+00:00,,False,AFTER_ORIGIN_CUTOFF,2014-10-31 18:00:00+00:00,86608.247,True,NONE,2014-10-26 18:00:00+00:00,71962.439,True,NONE,2014-10-19 18:00:00+00:00,71555.187,True,NONE,2014-11-01,88914.932,80141.13870833332,True,NONE,True,NONE,2014-11-02 18:00:00+00:00,-30.335504099999987,48.33550409999999,0.007274399999993797,0.014548799999992923,-30.34277849999998,-30.35005289999998,19.0,-30.335504099999987,99.951727,1.2383606087232113,1009.22203125
2014-11-02,2014-11-02 14:00:00-05:00,2014-11-02 19:00:00+00:00,-5.0,0,14,6,11,2014,1,0,25,77277.327,True,NONE,,False,NO_COMPLETE_VINTAGE,,,,2014-11-01 16:00:00+00:00,0,2014-11-01 15:00:00+00:00,27.0,2014-11-01 15:00:00+00:00,86534.115,True,NONE,2014-11-01 19:00:00+00:00,,False,AFTER_ORIGIN_CUTOFF,2014-10-31 19:00:00+00:00,86267.468,True,NONE,2014-10-26 19:00:00+00:00,72114.427,True,NONE,2014-10-19 19:00:00+00:00,71330.434,True,NONE,2014-11-01,88914.932,80141.13870833332,True,NONE,True,NONE,2014-11-02 19:00:00+00:00,-30.25162476666665,48.25162476666665,0.08387933333333564,0.09115373333332943,-30.335504099999987,-30.34277849999998,20.0,-30.25162476666665,99.95456533333333,1.243361894066865,1009.3333541666668
2014-11-02,2014-11-02 15:00:00-05:00,2014-11-02 20:00:00+00:00,-5.0,0,15,6,11,2014,1,0,25,77544.016,True,NONE,,False,NO_COMPLETE_VINTAGE,,,,2014-11-01 16:00:00+00:00,0,2014-11-01 15:00:00+00:00,28.0,2014-11-01 15:00:00+00:00,86534.115,True,NONE,2014-11-01 20:00:00+00:00,,False,AFTER_ORIGIN_CUTOFF,2014-10-31 20:00:00+00:00,86609.567,True,NONE,2014-10-26 20:00:00+00:00,72981.2,True,NONE,2014-10-19 20:00:00+00:00,72392.953,True,NONE,2014-11-01,88914.932,80141.13870833332,True,NONE,True,NONE,2014-11-02 20:00:00+00:00,-30.16774543333331,48.16774543333331,0.08387933333334274,0.16775866666667838,-30.25162476666665,-30.335504099999987,21.0,-30.16774543333331,99.95740366666666,1.248374833984739,1009.4446770833333
2014-11-02,2014-11-02 16:00:00-05:00,2014-11-02 21:00:00+00:00,-5.0,0,16,6,11,2014,1,0,25,80270.313,True,NONE,,False,NO_COMPLETE_VINTAGE,,,,2014-11-01 16:00:00+00:00,0,2014-11-01 15:00:00+00:00,29.0,2014-11-01 15:00:00+00:00,86534.115,True,NONE,2014-11-01 21:00:00+00:00,,False,AFTER_ORIGIN_CUTOFF,2014-10-31 21:00:00+00:00,87362.861,True,NONE,2014-10-26 21:00:00+00:00,74391.34,True,NONE,2014-10-19 21:00:00+00:00,74023.719,True,NONE,2014-11-01,88914.932,80141.13870833332,True,NONE,True,NONE,2014-11-02 21:00:00+00:00,-30.083866099999973,48.08386609999997,0.08387933333333564,0.16775866666667838,-30.16774543333331,-30.25162476666665,22.0,-30.083866099999973,99.960242,1.2533992725505363,1009.556
2014-11-02,2014-11-02 17:00:00-05:00,2014-11-02 22:00:00+00:00,-5.0,0,17,6,11,2014,1,0,25,86689.129,True,NONE,,False,NO_COMPLETE_VINTAGE,,,,2014-11-01 16:00:00+00:00,0,2014-11-01 15:00:00+00:00,30.0,2014-11-01 15:00:00+00:00,86534.115,True,NONE,2014-11-01 22:00:00+00:00,,False,AFTER_ORIGIN_CUTOFF,2014-10-31 22:00:00+00:00,89030.646,True,NONE,2014-10-26 22:00:00+00:00,78033.805,True,NONE,2014-10-19 22:00:00+00:00,78270.873,True,NONE,2014-11-01,88914.932,80141.13870833332,True,NONE,True,NONE,2014-11-02 22:00:00+00:00,-30.241366099999972,48.24136609999997,-0.15749999999999886,-0.07362066666666323,-30.083866099999973,-30.16774543333331,23.0,-30.241366099999972,99.95970133333333,1.1463075266576301,1009.4910104166667
2014-11-02,2014-11-02 18:00:00-05:00,2014-11-02 23:00:00+00:00,-5.0,0,18,6,11,2014,1,0,25,90662.405,True,NONE,,False,NO_COMPLETE_VINTAGE,,,,2014-11-01 16:00:00+00:00,0,2014-11-01 15:00:00+00:00,31.0,2014-11-01 15:00:00+00:00,86534.115,True,NONE,2014-11-01 23:00:00+00:00,,False,AFTER_ORIGIN_CUTOFF,2014-10-31 23:00:00+00:00,89184.715,True,NONE,2014-10-26 23:00:00+00:00,81435.983,True,NONE,2014-10-19 23:00:00+00:00,82865.317,True,NONE,2014-11-01,88914.932,80141.13870833332,True,NONE,True,NONE,2014-11-02 23:00:00+00:00,-30.39886609999997,48.39886609999997,-0.15749999999999886,-0.3149999999999977,-30.241366099999972,-30.083866099999973,24.0,-30.39886609999997,99.95916066666668,1.0507457464514536,1009.4260208333334
2014-11-02,2014-11-02 19:00:00-05:00,2014-11-03 00:00:00+00:00,-5.0,0,19,6,11,2014,1,0,25,90397.098,True,NONE,,False,NO_COMPLETE_VINTAGE,,,,2014-11-01 16:00:00+00:00,0,2014-11-01 15:00:00+00:00,32.0,2014-11-01 15:00:00+00:00,86534.115,True,NONE,2014-11-02 00:00:00+00:00,,False,AFTER_ORIGIN_CUTOFF,2014-11-01 00:00:00+00:00,88005.899,True,NONE,2014-10-27 00:00:00+00:00,80916.533,True,NONE,2014-10-20 00:00:00+00:00,82309.59,True,NONE,2014-11-01,88914.932,80141.13870833332,True,NONE,True,NONE,2014-11-03 00:00:00+00:00,-30.55636609999997,48.55636609999997,-0.15749999999999886,-0.3149999999999977,-30.39886609999997,-30.241366099999972,25.0,-30.55636609999997,99.95862,0.9701303221832003,1009.36103125
2014-11-02,2014-11-02 20:00:00-05:00,2014-11-03 01:00:00+00:00,-5.0,0,20,6,11,2014,1,0,25,88949.821,True,NONE,,False,NO_COMPLETE_VINTAGE,,,,2014-11-01 16:00:00+00:00,0,2014-11-01 15:00:00+00:00,33.0,2014-11-01 15:00:00+00:00,86534.115,True,NONE,2014-11-02 01:00:00+00:00,,False,AFTER_ORIGIN_CUTOFF,2014-11-01 01:00:00+00:00,85732.813,True,NONE,2014-10-27 01:00:00+00:00,77524.042,True,NONE,2014-10-20 01:00:00+00:00,79087.32,True,NONE,2014-11-01,88914.932,80141.13870833332,True,NONE,True,NONE,2014-11-03 01:00:00+00:00,-30.50786123333331,48.50786123333331,0.048504866666662316,-0.10899513333333655,-30.55636609999997,-30.39886609999997,26.0,-30.50786123333331,99.94023133333334,0.927217364904086,1009.3663541666667
2014-11-02,2014-11-02 21:00:00-05:00,2014-11-03 02:00:00+00:00,-5.0,0,21,6,11,2014,1,0,25,85588.445,True,NONE,,False,NO_COMPLETE_VINTAGE,,,,2014-11-01 16:00:00+00:00,0,2014-11-01 15:00:00+00:00,34.0,2014-11-01 15:00:00+00:00,86534.115,True,NONE,2014-11-02 02:00:00+00:00,,False,AFTER_ORIGIN_CUTOFF,2014-11-01 02:00:00+00:00,81793.027,True,NONE,2014-10-27 02:00:00+00:00,73433.119,True,NONE,2014-10-20 02:00:00+00:00,75215.488,True,NONE,2014-11-01,88914.932,80141.13870833332,True,NONE,True,NONE,2014-11-03 02:00:00+00:00,-30.45935636666664,48.45935636666664,0.048504866666667645,0.09700973333332996,-30.50786123333331,-30.55636609999997,27.0,-30.45935636666664,99.92184266666666,0.8843145572329668,1009.3716770833333
2014-11-02,2014-11-02 22:00:00-05:00,2014-11-03 03:00:00+00:00,-5.0,0,22,6,11,2014,1,0,25,81637.293,True,NONE,,False,NO_COMPLETE_VINTAGE,,,,2014-11-01 16:00:00+00:00,0,2014-11-01 15:00:00+00:00,35.0,2014-11-01 15:00:00+00:00,86534.115,True,NONE,2014-11-02 03:00:00+00:00,,False,AFTER_ORIGIN_CUTOFF,2014-11-01 03:00:00+00:00,76862.72,True,NONE,2014-10-27 03:00:00+00:00,69122.026,True,NONE,2014-10-20 03:00:00+00:00,70778.15,True,NONE,2014-11-01,88914.932,80141.13870833332,True,NONE,True,NONE,2014-11-03 03:00:00+00:00,-30.41085149999998,48.41085149999998,0.04850486666666143,0.09700973333332907,-30.45935636666664,-30.50786123333331,28.0,-30.41085149999998,99.90345400000001,0.8414235395635776,1009.3770000000001
2014-11-02,2014-11-02 23:00:00-05:00,2014-11-03 04:00:00+00:00,-5.0,0,23,6,11,2014,1,0,25,76858.423,True,NONE,,False,NO_COMPLETE_VINTAGE,,,,2014-11-01 16:00:00+00:00,0,2014-11-01 15:00:00+00:00,36.0,2014-11-01 15:00:00+00:00,86534.115,True,NONE,2014-11-02 04:00:00+00:00,,False,AFTER_ORIGIN_CUTOFF,2014-11-01 04:00:00+00:00,72812.34,True,NONE,2014-10-27 04:00:00+00:00,65750.527,True,NONE,2014-10-20 04:00:00+00:00,67448.366,True,NONE,2014-11-01,88914.932,80141.13870833332,True,NONE,True,NONE,2014-11-03 04:00:00+00:00,-29.822746099999982,47.82274609999998,0.5881053999999963,0.6366102666666578,-30.41085149999998,-30.45935636666664,29.0,-29.822746099999982,99.92157433333334,0.7261341632962774,1009.3757285866667
