valid_time_utc,pjm_wind_chill_celsius,pjm_heating_degree_celsius,pjm_temp_ramp_3h_celsius,pjm_temp_ramp_6h_celsius,pjm_temp_1h_ago_celsius,pjm_temp_2h_ago_celsius,pjm_cold_duration_hours,pjm_temperature_2m_celsius,pjm_relative_humidity_2m_percent,pjm_wind_speed_10m_mps,pjm_surface_pressure_hpa
2014-01-07 00:00:00+00:00,-43.363923303845986,50.17103469999997,-4.946034699999997,-4.5627013666666585,-27.224999999999973,-27.608333333333313,1.0,-32.17103469999997,98.96133900000001,3.687612658671431,1025.70383781
2014-01-07 01:00:00+00:00,-43.50328748988395,50.10568979999997,0.06534489999999948,-4.880689799999997,-32.17103469999997,-27.224999999999973,2.0,-32.10568979999997,98.751866,3.8284012595248487,1025.8532871266666
2014-01-07 02:00:00+00:00,-43.654415067775254,50.04034489999999,0.06534489999998527,0.13068979999998476,-32.10568979999997,-32.17103469999997,3.0,-32.04034489999999,98.542393,3.9819361967233498,1026.0027364433333
2014-01-07 03:00:00+00:00,-43.813891355736246,49.97499999999999,0.06534489999999948,0.13068979999998476,-32.04034489999999,-32.10568979999997,4.0,-31.974999999999987,98.33292,4.146799314152825,1026.15218576
2014-01-07 04:00:00+00:00,-43.68106321608626,49.82386033333333,0.15113966666665846,0.21648456666665794,-31.974999999999987,-32.04034489999999,5.0,-31.82386033333333,98.1662,4.184428544995718,1026.3767905066666
2014-01-07 05:00:00+00:00,-43.594670408235345,49.67272066666664,0.1511396666666851,0.30227933333334356,-31.82386033333333,-31.974999999999987,6.0,-31.672720666666642,97.99948,4.25577960932956,1026.6013952533333
2014-01-07 06:00:00+00:00,-43.55015768396419,49.52158099999998,0.15113966666666023,0.30227933333334533,-31.672720666666642,-31.82386033333333,7.0,-31.521580999999983,97.83276000000001,4.359196959777167,1026.826
2014-01-07 07:00:00+00:00,-43.813918578533944,49.43105399999998,0.0905269999999998,0.24166666666666003,-31.521580999999983,-31.672720666666642,8.0,-31.431053999999982,97.82500900000001,4.643194464864536,1027.0570104166668
2014-01-07 08:00:00+00:00,-44.06842322630885,49.340526999999966,0.09052700000001845,0.18105400000001826,-31.431053999999982,-31.521580999999983,9.0,-31.340526999999966,97.817258,4.9359210029281675,1027.2880208333331
2014-01-07 09:00:00+00:00,-44.31243948369738,49.249999999999964,0.09052700000000069,0.18105400000001914,-31.340526999999966,-31.431053999999982,10.0,-31.249999999999964,97.809507,5.2359125733470915,1027.51903125
2014-01-07 10:00:00+00:00,-44.310812411299956,49.17227556666664,0.0777244333333238,0.16825143333332448,-31.249999999999964,-31.340526999999966,11.0,-31.17227556666664,97.85276833333333,5.319190958590578,1027.5888384866666
2014-01-07 11:00:00+00:00,-44.30793563970085,49.09455113333331,0.07772443333332912,0.15544886666665292,-31.17227556666664,-31.249999999999964,12.0,-31.09455113333331,97.89602966666666,5.4026937068997665,1027.6586457233334
2014-01-07 12:00:00+00:00,-44.303827275295845,49.01682669999999,0.07772443333332202,0.15544886666665114,-31.09455113333331,-31.17227556666664,13.0,-31.01682669999999,97.939291,5.486410466610131,1027.7284529600001
2014-01-07 13:00:00+00:00,-44.324733800674316,48.91194066666665,0.10488603333333746,0.18261046666665948,-31.01682669999999,-31.09455113333331,14.0,-30.911940666666652,97.93999400000001,5.625755245524752,1027.81979671
2014-01-07 14:00:00+00:00,-44.343267971850445,48.8070546333333,0.10488603333334989,0.20977206666668735,-30.911940666666652,-31.01682669999999,15.0,-30.8070546333333,97.940697,5.766336308874155,1027.9111404599998
2014-01-07 15:00:00+00:00,-44.35940720691966,48.702168599999965,0.10488603333333657,0.20977206666668646,-30.8070546333333,-30.911940666666652,16.0,-30.702168599999965,97.94140000000002,5.908065398736353,1028.0024842100001
2014-01-07 16:00:00+00:00,-44.31145742060599,48.59538796666664,0.10678063333332322,0.2116666666666598,-30.702168599999965,-30.8070546333333,17.0,-30.595387966666642,97.97262733333335,5.992831234220967,1027.78965614
2014-01-07 17:00:00+00:00,-44.26310430717803,48.4886073333333,0.10678063333334453,0.21356126666666775,-30.595387966666642,-30.702168599999965,18.0,-30.4886073333333,98.00385466666667,6.0785295501195495,1027.57682807
2014-01-07 18:00:00+00:00,-44.21430280810985,48.381826699999976,0.10678063333332144,0.21356126666666597,-30.4886073333333,-30.595387966666642,19.0,-30.381826699999976,98.035082,6.165121467324491,1027.364
2014-01-07 19:00:00+00:00,-44.12534764848922,48.21016003333331,0.17166666666666774,0.2784472999999892,-30.381826699999976,-30.4886073333333,20.0,-30.21016003333331,97.99813633333332,6.296434840105765,1027.2233333333334
2014-01-07 20:00:00+00:00,-44.03422607317077,48.03849336666665,0.17166666666665886,0.3433333333333266,-30.21016003333331,-30.381826699999976,21.0,-30.03849336666665,97.96119066666667,6.428616085109375,1027.0826666666667
2014-01-07 21:00:00+00:00,-43.94094241838752,47.86682669999998,0.17166666666666686,0.3433333333333257,-30.03849336666665,-30.21016003333331,22.0,-29.866826699999983,97.924245,6.561612744237257,1026.942
2014-01-07 22:00:00+00:00,-43.8086503127636,47.66843579999998,0.1983908999999997,0.37005756666666656,-29.866826699999983,-30.03849336666665,23.0,-29.668435799999983,97.840467,6.692534341897322,1026.6797930666667
2014-01-07 23:00:00+00:00,-43.67801454712538,47.470044899999984,0.1983908999999997,0.3967817999999994,-29.668435799999983,-29.866826699999983,24.0,-29.470044899999984,97.75668900000001,6.8283963127664515,1026.4175861333333
2014-01-08 00:00:00+00:00,-43.548604585283556,47.271653999999984,0.1983908999999997,0.3967817999999994,-29.470044899999984,-29.668435799999983,25.0,-29.271653999999984,97.672911,6.968909662208159,1026.1553792
2014-01-08 01:00:00+00:00,-43.34205695284832,46.97276933333332,0.2988846666666669,0.4972755666666666,-29.271653999999984,-29.470044899999984,26.0,-28.972769333333318,97.60177633333333,7.173554002263937,1025.4861349333332
2014-01-08 02:00:00+00:00,-43.131244465777215,46.673884666666645,0.29888466666667135,0.5977693333333383,-28.972769333333318,-29.271653999999984,27.0,-28.673884666666645,97.53064166666667,7.380314227127176,1024.8168906666667
2014-01-08 03:00:00+00:00,-42.916154444911896,46.37499999999998,0.2988846666666669,0.5977693333333383,-28.673884666666645,-28.972769333333318,28.0,-28.37499999999998,97.459507,7.589017391975724,1024.1476464
2014-01-08 04:00:00+00:00,-42.64659194267669,45.99166666666664,0.38333333333333997,0.6822180000000069,-28.37499999999998,-28.673884666666645,29.0,-27.99166666666664,97.357147,7.875377253125731,1023.43558192
2014-01-08 05:00:00+00:00,-42.367383858195204,45.60833333333331,0.38333333333332575,0.7666666666666657,-27.99166666666664,-28.37499999999998,30.0,-27.608333333333313,97.254787,8.16200191845251,1022.72351744
2014-01-08 06:00:00+00:00,-42.079056892080494,45.22499999999997,0.3833333333333382,0.7666666666666639,-27.608333333333313,-27.99166666666664,31.0,-27.224999999999973,97.152427,8.448864554391244,1022.01145296
2014-03-09 00:00:00+00:00,-34.09873517472672,40.777499999999975,4.772500000000001,4.2669539999999975,-27.549999999999976,-27.044453999999973,1.0,-22.777499999999975,99.96638,5.677967587793594,1011.0283792
2014-03-09 01:00:00+00:00,-34.36662753438492,40.975833333333306,-0.1983333333333297,4.574166666666671,-22.777499999999975,-27.549999999999976,2.0,-22.975833333333306,99.96925333333334,5.696373732083559,1011.01286352
2014-03-09 02:00:00+00:00,-34.635082281924085,41.17416666666665,-0.1983333333333448,-0.3966666666666745,-22.975833333333306,-22.777499999999975,3.0,-23.17416666666665,99.97212666666667,5.715291313150872,1010.99734784
2014-03-09 03:00:00+00:00,-34.904095901808596,41.37249999999998,-0.1983333333333297,-0.3966666666666745,-23.17416666666665,-22.975833333333306,4.0,-23.37249999999998,99.975,5.734715259634165,1010.9818321600001
2014-03-09 04:00:00+00:00,-35.077426208048436,41.475833333333306,-0.1033333333333255,-0.3016666666666552,-23.37249999999998,-23.17416666666665,5.0,-23.475833333333306,99.95287333333334,5.780362710296041,1010.8771311999999
2014-03-09 05:00:00+00:00,-35.25103931609736,41.57916666666666,-0.10333333333335304,-0.20666666666667854,-23.475833333333306,-23.37249999999998,6.0,-23.57916666666666,99.93074666666666,5.826438560885809,1010.7724302400001
2014-03-09 06:00:00+00:00,-35.42492280169313,41.68249999999998,-0.10333333333332462,-0.20666666666667766,-23.57916666666666,-23.475833333333306,7.0,-23.682499999999983,99.90862,5.872932711399768,1010.66772928
2014-03-09 07:00:00+00:00,-35.50776762752957,41.79083333333331,-0.10833333333332718,-0.2116666666666518,-23.682499999999983,-23.57916666666666,8.0,-23.79083333333331,99.93908,5.814203999640714,1010.7211528533335
2014-03-09 08:00:00+00:00,-35.59198993501324,41.89916666666665,-0.10833333333333961,-0.21666666666666679,-23.79083333333331,-23.682499999999983,9.0,-23.899166666666652,99.96954000000001,5.757672044785135,1010.7745764266667
2014-03-09 09:00:00+00:00,-35.677705156296426,42.00749999999998,-0.10833333333332984,-0.21666666666666945,-23.899166666666652,-23.79083333333331,10.0,-24.00749999999998,100.0,5.7034024456769306,1010.828
2014-03-09 10:00:00+00:00,-35.76118928888998,42.099539999999976,-0.09203999999999457,-0.2003733333333244,-24.00749999999998,-23.899166666666652,11.0,-24.099539999999976,99.99544633333333,5.6689259368224265,1010.8186770833333
2014-03-09 11:00:00+00:00,-35.84439628958734,42.19157999999997,-0.09203999999999901,-0.18407999999999358,-24.099539999999976,-24.00749999999998,12.0,-24.191579999999973,99.99089266666667,5.634455913709557,1010.8093541666667
2014-03-09 12:00:00+00:00,-35.9273236148443,42.28361999999997,-0.09203999999999901,-0.18407999999999802,-24.191579999999973,-24.099539999999976,13.0,-24.28361999999997,99.986339,5.599992502879116,1010.80003125
2014-03-09 13:00:00+00:00,-35.96119246824158,42.33907999999997,-0.05545999999999296,-0.14749999999999197,-24.28361999999997,-24.191579999999973,14.0,-24.339079999999967,99.98801933333334,5.562891974080642,1010.8597796066667
2014-03-09 14:00:00+00:00,-35.99648334049698,42.39453999999999,-0.055460000000028487,-0.11092000000002145,-24.339079999999967,-24.28361999999997,15.0,-24.394539999999992,99.98969966666667,5.527523760810621,1010.9195279633333
2014-03-09 15:00:00+00:00,-36.03325988393983,42.44999999999999,-0.055459999999994736,-0.11092000000002322,-24.394539999999992,-24.339079999999967,16.0,-24.44999999999999,99.99137999999999,5.49392181017207,1010.97927632
2014-03-09 16:00:00+00:00,-36.01217864124442,42.54999999999998,-0.09999999999999432,-0.15545999999998905,-24.44999999999999,-24.394539999999992,17.0,-24.549999999999983,99.97758666666667,5.347085112125088,1011.0191842133333
2014-03-09 17:00:00+00:00,-35.98758390021062,42.64999999999997,-0.09999999999998721,-0.19999999999998153,-24.549999999999983,-24.44999999999999,18.0,-24.64999999999997,99.96379333333334,5.200710313285503,1011.0590921066666
2014-03-09 18:00:00+00:00,-35.95935558717646,42.749999999999964,-0.09999999999999432,-0.19999999999998153,-24.64999999999997,-24.549999999999983,19.0,-24.749999999999964,99.95,5.05483754991821,1011.0989999999999
2014-03-09 19:00:00+00:00,-35.979492027564824,42.88416666666663,-0.13416666666666544,-0.23416666666665975,-24.749999999999964,-24.64999999999997,20.0,-24.88416666666663,99.25755933333333,4.918133921611058,1011.4300921066666
2014-03-09 20:00:00+00:00,-35.9966130768524,43.01833333333331,-0.13416666666667965,-0.2683333333333451,-24.88416666666663,-24.749999999999964,21.0,-25.01833333333331,98.56511866666666,4.782523255588017,1011.7611842133333
2014-03-09 21:00:00+00:00,-36.01071552620472,43.152499999999975,-0.13416666666666544,-0.2683333333333451,-25.01833333333331,-24.88416666666663,22.0,-25.152499999999975,97.87267800000001,4.648101285604537,1012.0922763200001
2014-03-09 22:00:00+00:00,-35.91781337322976,43.29499999999997,-0.1424999999999983,-0.27666666666666373,-25.152499999999975,-25.01833333333331,23.0,-25.294999999999973,95.81511866666668,4.419346524982824,1012.0666439466667
2014-03-09 23:00:00+00:00,-35.813310122292066,43.43749999999997,-0.1424999999999983,-0.2849999999999966,-25.294999999999973,-25.152499999999975,24.0,-25.43749999999997,93.75755933333332,4.192072059908076,1012.0410115733333
2014-03-10 00:00:00+00:00,-35.69649148800985,43.57999999999997,-0.1424999999999983,-0.2849999999999966,-25.43749999999997,-25.294999999999973,25.0,-25.57999999999997,91.69999999999999,3.966532737051598,1012.0153792
2014-03-10 01:00:00+00:00,-35.621041622800554,43.73112066666664,-0.1511206666666718,-0.2936206666666701,-25.57999999999997,-25.43749999999997,26.0,-25.73112066666664,91.74831966666665,3.7745981733411775,1012.1955861333333
2014-03-10 02:00:00+00:00,-35.53352079026816,43.88224133333331,-0.15112066666667,-0.3022413333333418,-25.73112066666664,-25.57999999999997,27.0,-25.88224133333331,91.79663933333333,3.5832451391910713,1012.3757930666667
2014-03-10 03:00:00+00:00,-35.43294065408803,44.03336199999998,-0.1511206666666709,-0.3022413333333409,-25.88224133333331,-25.73112066666664,28.0,-26.033361999999983,91.844959,3.3925707077780367,1012.556
2014-03-10 04:00:00+00:00,-35.63931542046863,44.538907999999985,-0.5055460000000034,-0.6566666666666743,-26.033361999999983,-25.88224133333331,29.0,-26.538907999999985,94.50286166666666,3.1370618482755734,1012.6800000000001
2014-03-10 05:00:00+00:00,-35.809093083508245,45.04445399999997,-0.5055459999999874,-1.0110919999999908,-26.538907999999985,-26.033361999999983,30.0,-27.044453999999973,97.16076433333333,2.8815606787534973,1012.804
2014-03-10 06:00:00+00:00,-35.93648241010689,45.549999999999976,-0.5055460000000034,-1.0110919999999908,-27.044453999999973,-26.538907999999985,31.0,-27.549999999999976,99.818667,2.6260693978847534,1012.928
2014-07-15 00:00:00+00:00,-1.5499999999999543,19.549999999999955,-1.4999999999999998,-1.6666666666666854,-0.0499999999999545,0.116666666666731,1.0,-1.5499999999999543,87.10000000000001,0.30208805775700387,1019.356
2014-07-15 01:00:00+00:00,-1.6166666666666174,19.616666666666617,-0.0666666666666631,-1.5666666666666629,-1.5499999999999543,-0.0499999999999545,2.0,-1.6166666666666174,86.74166666666667,0.24126856856709114,1019.0746666666666
2014-07-15 02:00:00+00:00,-1.6833333333332805,19.68333333333328,-0.0666666666666631,-0.1333333333333262,-1.6166666666666174,-1.5499999999999543,3.0,-1.6833333333332805,86.38333333333334,0.3705571290089241,1018.7933333333334
2014-07-15 03:00:00+00:00,-1.7499999999999432,19.749999999999943,-0.06666666666666266,-0.13333333333332575,-1.6833333333332805,-1.6166666666666174,4.0,-1.7499999999999432,86.025,0.5730306373684382,1018.512
2014-07-15 04:00:00+00:00,-1.583333333333286,19.583333333333286,0.1666666666666573,0.09999999999999465,-1.7499999999999432,-1.6833333333332805,5.0,-1.583333333333286,85.07613966666668,0.721324999525915,1018.3826770833333
2014-07-15 05:00:00+00:00,-1.4166666666666288,19.41666666666663,0.16666666666665708,0.3333333333333144,-1.583333333333286,-1.7499999999999432,6.0,-1.4166666666666288,84.12727933333335,0.888047338326044,1018.2533541666667
2014-07-15 06:00:00+00:00,-1.2499999999999716,19.24999999999997,0.1666666666666572,0.3333333333333143,-1.4166666666666288,-1.583333333333286,7.0,-1.2499999999999716,83.178419,1.0645780460353336,1018.12403125
2014-07-15 07:00:00+00:00,-0.774999999999963,18.774999999999963,0.4750000000000085,0.6416666666666657,-1.2499999999999716,-1.4166666666666288,8.0,-0.774999999999963,81.40625733333334,1.3254315860833117,1018.0830208333334
2014-07-15 08:00:00+00:00,-2.249418811845826,18.29999999999997,0.4749999999999943,0.9500000000000028,-0.774999999999963,-1.2499999999999716,9.0,-0.29999999999996874,79.63409566666667,1.586452891151891,1018.0420104166666
2014-07-15 09:00:00+00:00,-2.073827628942053,17.82499999999996,0.4750000000000085,0.9500000000000028,-0.29999999999996874,-0.774999999999963,0.0,0.1750000000000398,77.861934,1.8475702289681089,1018.001
2014-07-15 10:00:00+00:00,-2.205554296080906,17.795446333333274,0.029553666666686212,0.5045536666666948,0.1750000000000398,-0.29999999999996874,0.0,0.20455366666672598,78.96571366666667,1.9765185364040785,1017.5060104166666
2014-07-15 11:00:00+00:00,-2.3286806724230367,17.76589266666663,0.029553666666643587,0.0591073333333298,0.20455366666672598,0.1750000000000398,0.0,0.23410733333336958,80.06949333333334,2.1060233663812835,1017.0110208333333
2014-07-15 12:00:00+00:00,-2.4440151155506196,17.736338999999944,0.02955366666668626,0.05910733333332985,0.23410733333336958,0.20455366666672598,0.0,0.2636610000000558,81.17327300000001,2.235985540093542,1016.51603125
2014-07-15 13:00:00+00:00,-2.5762086651088505,17.707559333333307,0.028779666666636672,0.05833333333332293,0.2636610000000558,0.23410733333336958,0.0,0.2924406666666925,81.79051533333333,2.387807950211122,1016.4876875
2014-07-15 14:00:00+00:00,-2.6994665706978798,17.678779666666614,0.028779666666693557,0.05755933333333023,0.2924406666666925,0.2636610000000558,0.0,0.32122033333338607,82.40775766666667,2.539664929118091,1016.45934375
2014-07-15 15:00:00+00:00,-2.8147310162347727,17.649999999999977,0.028779666666636616,0.05755933333333017,0.32122033333338607,0.2924406666666925,0.0,0.3500000000000227,83.025,2.691550591992421,1016.431
2014-07-15 16:00:00+00:00,-2.8501202505498573,17.649999999999977,0.0,0.028779666666636616,0.3500000000000227,0.32122033333338607,0.0,0.3500000000000227,83.43333333333334,2.728641666939524,1015.9383333333334
2014-07-15 17:00:00+00:00,-2.8881372775471865,17.649999999999977,0.0,0.0,0.3500000000000227,0.3500000000000227,0.0,0.3500000000000227,83.84166666666667,2.7689637381107803,1015.4456666666667
2014-07-15 18:00:00+00:00,-2.9285548970437887,17.649999999999977,0.0,0.0,0.3500000000000227,0.3500000000000227,0.0,0.3500000000000227,84.25,2.8123784896481134,1014.953
2014-07-15 19:00:00+00:00,-2.8794058063813184,17.616666666666617,0.033333333333359916,0.033333333333359916,0.3500000000000227,0.3500000000000227,0.0,0.3833333333333826,83.87787333333334,2.8023359910221135,1014.7819078933333
2014-07-15 20:00:00+00:00,-2.8339946645074674,17.583333333333314,0.03333333333330302,0.06666666666666293,0.3833333333333826,0.3500000000000227,0.0,0.4166666666666856,83.50574666666667,2.7963503713299547,1014.6108157866666
2014-07-15 21:00:00+00:00,-2.7923462742308,17.549999999999955,0.03333333333335986,0.06666666666666288,0.4166666666666856,0.3833333333333826,0.0,0.4500000000000455,83.13362000000001,2.7944440490879767,1014.43972368
2014-07-15 22:00:00+00:00,-2.7717821358872428,17.51666666666665,0.03333333333330302,0.06666666666666288,0.4500000000000455,0.4166666666666856,0.0,0.4833333333333485,82.647989,2.815471661538286,1014.3341491200001
2014-07-15 23:00:00+00:00,-2.8020983615680946,17.48333333333329,0.03333333333335986,0.06666666666666288,0.4833333333333485,0.4500000000000455,0.0,0.5166666666667084,82.162358,2.8929129783604757,1014.22857456
2014-07-16 00:00:00+00:00,-2.8760119341417756,17.44999999999999,0.03333333333330302,0.06666666666666288,0.5166666666667084,0.4833333333333485,0.0,0.5500000000000114,81.676727,3.022422584841837,1014.123
2014-07-16 01:00:00+00:00,-2.964105239205847,17.48333333333329,-0.03333333333330302,0.0,0.5500000000000114,0.5166666666667084,0.0,0.5166666666667084,81.62615133333334,3.0781863181394318,1013.863
2014-07-16 02:00:00+00:00,-3.0711526322697758,17.51666666666665,-0.03333333333335986,-0.06666666666666288,0.5166666666667084,0.5500000000000114,0.0,0.4833333333333485,81.57557566666667,3.157268332581486,1013.603
2014-07-16 03:00:00+00:00,-3.194630805742622,17.549999999999955,-0.03333333333330302,-0.06666666666666288,0.4833333333333485,0.5166666666667084,0.0,0.4500000000000455,81.525,3.2579619948620993,1013.3430000000001
2014-07-16 04:00:00+00:00,-3.4663830238558493,17.71666666666664,-0.16666666666668567,-0.1999999999999887,0.4500000000000455,0.4833333333333485,0.0,0.2833333333333598,81.737887,3.3443452611346385,1013.3036666666666
2014-07-16 05:00:00+00:00,-3.7448443451783966,17.88333333333327,-0.1666666666666288,-0.3333333333333145,0.2833333333333598,0.4500000000000455,0.0,0.116666666666731,81.95077400000001,3.4401326620459547,1013.2643333333334
2014-07-16 06:00:00+00:00,-4.029066331768733,18.049999999999955,-0.1666666666666855,-0.3333333333333143,0.116666666666731,0.2833333333333598,1.0,-0.0499999999999545,82.163661,3.544546490413572,1013.225
2014-11-02 00:00:00+00:00,-31.12987391216211,43.70249999999998,2.944035299999996,3.5321406999999923,-28.646535299999975,-29.23464069999997,1.0,-25.70249999999998,99.926727,1.5122243392696402,1011.706
2014-11-02 01:00:00+00:00,-26.96962203333331,44.96962203333331,-1.2671220333333295,1.6769132666666664,-25.70249999999998,-28.646535299999975,2.0,-26.96962203333331,99.92705766666667,1.2656220241922358,1011.5316666666666
2014-11-02 02:00:00+00:00,-28.236744066666652,46.23674406666665,-1.2671220333333437,-2.5342440666666732,-26.96962203333331,-25.70249999999998,3.0,-28.236744066666652,99.92738833333334,1.0191155724083822,1011.3573333333334
2014-11-02 03:00:00+00:00,-29.503866099999982,47.50386609999998,-1.2671220333333295,-2.5342440666666732,-28.236744066666652,-26.96962203333331,4.0,-29.503866099999982,99.927719,0.7727945917564242,1011.183
2014-11-02 04:00:00+00:00,-29.798635166666642,47.79863516666664,-0.2947690666666585,-1.561891099999988,-29.503866099999982,-28.236744066666652,5.0,-29.798635166666642,99.93572166666667,0.7532464966745219,1010.9733952533334
2014-11-02 05:00:00+00:00,-30.09340423333331,48.09340423333331,-0.29476906666666913,-0.5895381333333276,-29.798635166666642,-29.503866099999982,6.0,-30.09340423333331,99.94372433333334,0.8167090011469034,1010.7637905066666
2014-11-02 06:00:00+00:00,-30.38817329999997,48.38817329999997,-0.29476906666666114,-0.5895381333333303,-30.09340423333331,-29.798635166666642,7.0,-30.38817329999997,99.951727,0.9467028826292514,1010.55418576
2014-11-02 07:00:00+00:00,-30.438551266666636,48.438551266666636,-0.050377966666664165,-0.3451470333333253,-30.38817329999997,-30.09340423333331,8.0,-30.438551266666636,99.939159,0.9800319199731142,1010.58712384
2014-11-02 08:00:00+00:00,-30.488929233333295,48.488929233333295,-0.050377966666659724,-0.10075593333332389,-30.438551266666636,-30.38817329999997,9.0,-30.488929233333295,99.926591,1.0302587600490085,1010.62006192
2014-11-02 09:00:00+00:00,-30.53930719999996,48.53930719999996,-0.05037796666666594,-0.10075593333332566,-30.488929233333295,-30.438551266666636,10.0,-30.53930719999996,99.914023,1.0950607718827803,1010.653
2014-11-02 10:00:00+00:00,-30.48970616666663,48.48970616666663,0.04960103333333166,-0.0007769333333342843,-30.53930719999996,-30.488929233333295,11.0,-30.48970616666663,99.93263333333333,1.0945786620492632,1010.3760000000001
2014-11-02 11:00:00+00:00,-30.440105133333304,48.440105133333304,0.04960103333332544,0.0992020666666571,-30.48970616666663,-30.53930719999996,12.0,-30.440105133333304,99.95124366666667,1.0949585839828013,1010.0989999999999
2014-11-02 12:00:00+00:00,-30.390504099999973,48.39050409999997,0.04960103333332988,0.09920206666665532,-30.440105133333304,-30.48970616666663,13.0,-30.390504099999973,99.969854,1.0961991469994627,1009.8220000000001
2014-11-02 13:00:00+00:00,-30.379445166666635,48.379445166666635,0.01105893333333885,0.06065996666666873,-30.390504099999973,-30.440105133333304,14.0,-30.379445166666635,99.94392933333334,1.1532452152493393,1009.7353333333334
2014-11-02 14:00:00+00:00,-30.36838623333331,48.36838623333331,0.01105893333332375,0.0221178666666626,-30.379445166666635,-30.390504099999973,15.0,-30.36838623333331,99.91800466666668,1.2185446866674303,1009.6486666666667
2014-11-02 15:00:00+00:00,-30.357327299999973,48.35732729999997,0.011058933333337961,0.022117866666661712,-30.36838623333331,-30.379445166666635,16.0,-30.357327299999973,99.89208,1.2908468104902378,1009.562
2014-11-02 16:00:00+00:00,-30.35005289999998,48.35005289999998,0.007274399999992909,0.01833333333333087,-30.357327299999973,-30.36838623333331,17.0,-30.35005289999998,99.91196233333335,1.2719065945285688,1009.4486770833333
2014-11-02 17:00:00+00:00,-30.34277849999998,48.34277849999998,0.007274399999999126,0.014548799999992035,-30.35005289999998,-30.357327299999973,18.0,-30.34277849999998,99.93184466666668,1.2543917684834662,1009.3353541666667
2014-11-02 18:00:00+00:00,-30.335504099999987,48.33550409999999,0.007274399999993797,0.014548799999992923,-30.34277849999998,-30.35005289999998,19.0,-30.335504099999987,99.951727,1.2383606087232113,1009.22203125
2014-11-02 19:00:00+00:00,-30.25162476666665,48.25162476666665,0.08387933333333564,0.09115373333332943,-30.335504099999987,-30.34277849999998,20.0,-30.25162476666665,99.95456533333333,1.243361894066865,1009.3333541666668
2014-11-02 20:00:00+00:00,-30.16774543333331,48.16774543333331,0.08387933333334274,0.16775866666667838,-30.25162476666665,-30.335504099999987,21.0,-30.16774543333331,99.95740366666666,1.248374833984739,1009.4446770833333
2014-11-02 21:00:00+00:00,-30.083866099999973,48.08386609999997,0.08387933333333564,0.16775866666667838,-30.16774543333331,-30.25162476666665,22.0,-30.083866099999973,99.960242,1.2533992725505363,1009.556
2014-11-02 22:00:00+00:00,-30.241366099999972,48.24136609999997,-0.15749999999999886,-0.07362066666666323,-30.083866099999973,-30.16774543333331,23.0,-30.241366099999972,99.95970133333333,1.1463075266576301,1009.4910104166667
2014-11-02 23:00:00+00:00,-30.39886609999997,48.39886609999997,-0.15749999999999886,-0.3149999999999977,-30.241366099999972,-30.083866099999973,24.0,-30.39886609999997,99.95916066666668,1.0507457464514536,1009.4260208333334
2014-11-03 00:00:00+00:00,-30.55636609999997,48.55636609999997,-0.15749999999999886,-0.3149999999999977,-30.39886609999997,-30.241366099999972,25.0,-30.55636609999997,99.95862,0.9701303221832003,1009.36103125
2014-11-03 01:00:00+00:00,-30.50786123333331,48.50786123333331,0.048504866666662316,-0.10899513333333655,-30.55636609999997,-30.39886609999997,26.0,-30.50786123333331,99.94023133333334,0.927217364904086,1009.3663541666667
2014-11-03 02:00:00+00:00,-30.45935636666664,48.45935636666664,0.048504866666667645,0.09700973333332996,-30.50786123333331,-30.55636609999997,27.0,-30.45935636666664,99.92184266666666,0.8843145572329668,1009.3716770833333
2014-11-03 03:00:00+00:00,-30.41085149999998,48.41085149999998,0.04850486666666143,0.09700973333332907,-30.45935636666664,-30.50786123333331,28.0,-30.41085149999998,99.90345400000001,0.8414235395635776,1009.3770000000001
2014-11-03 04:00:00+00:00,-29.822746099999982,47.82274609999998,0.5881053999999963,0.6366102666666578,-30.41085149999998,-30.45935636666664,29.0,-29.822746099999982,99.92157433333334,0.7261341632962774,1009.3757285866667
2014-11-03 05:00:00+00:00,-29.23464069999997,47.23464069999997,0.5881054000000105,1.1762108000000069,-29.822746099999982,-30.41085149999998,30.0,-29.23464069999997,99.93969466666667,0.6241692098126531,1009.3744571733333
2014-11-03 06:00:00+00:00,-28.646535299999975,46.646535299999975,0.5881053999999963,1.1762108000000069,-29.23464069999997,-29.822746099999982,31.0,-28.646535299999975,99.95781500000001,0.5430974651564595,1009.3731857600001
