operating_date,target_time_utc,target_time_local,local_utc_offset,actual_load_mw,actual_load_available,pjm_forecast_mw,pjm_forecast_available,pjm_missing_reason,forecast_origin_utc,selected_evaluated_at_utc,selected_vintage_id,event_id,inside_registered_event,expected_hours_for_day,pjm_available_hours_for_day
2014-01-06,2014-01-06 05:00:00+00:00,2014-01-06 00:00:00-05:00,-5.0,85504.657,True,85288.0,True,NONE,2014-01-05 17:00:00+00:00,2014-01-05 00:00:00+00:00,2014-01-05 00:00:00+00:00,E2014_PV1,True,24,21
2014-01-06,2014-01-06 06:00:00+00:00,2014-01-06 01:00:00-05:00,-5.0,83522.058,True,83361.0,True,NONE,2014-01-05 17:00:00+00:00,2014-01-05 00:00:00+00:00,2014-01-05 00:00:00+00:00,E2014_PV1,True,24,21
2014-01-06,2014-01-06 07:00:00+00:00,2014-01-06 02:00:00-05:00,-5.0,82637.689,True,82739.0,True,NONE,2014-01-05 17:00:00+00:00,2014-01-05 00:00:00+00:00,2014-01-05 00:00:00+00:00,E2014_PV1,True,24,21
2014-01-06,2014-01-06 08:00:00+00:00,2014-01-06 03:00:00-05:00,-5.0,83287.857,True,83270.0,True,NONE,2014-01-05 17:00:00+00:00,2014-01-05 00:00:00+00:00,2014-01-05 00:00:00+00:00,E2014_PV1,True,24,21
2014-01-06,2014-01-06 09:00:00+00:00,2014-01-06 04:00:00-05:00,-5.0,85374.475,True,85215.0,True,NONE,2014-01-05 17:00:00+00:00,2014-01-05 00:00:00+00:00,2014-01-05 00:00:00+00:00,E2014_PV1,True,24,21
2014-01-06,2014-01-06 10:00:00+00:00,2014-01-06 05:00:00-05:00,-5.0,90889.688,True,90179.0,True,NONE,2014-01-05 17:00:00+00:00,2014-01-05 00:00:00+00:00,2014-01-05 00:00:00+00:00,E2014_PV1,True,24,21
2014-01-06,2014-01-06 11:00:00+00:00,2014-01-06 06:00:00-05:00,-5.0,99324.883,True,97389.0,True,NONE,2014-01-05 17:00:00+00:00,2014-01-05 00:00:00+00:00,2014-01-05 00:00:00+00:00,E2014_PV1,True,24,21
2014-01-06,2014-01-06 12:00:00+00:00,2014-01-06 07:00:00-05:00,-5.0,105683.549,True,103824.0,True,NONE,2014-01-05 17:00:00+00:00,2014-01-05 00:00:00+00:00,2014-01-05 00:00:00+00:00,E2014_PV1,True,24,21
2014-01-06,2014-01-06 13:00:00+00:00,2014-01-06 08:00:00-05:00,-5.0,107239.28,True,106669.0,True,NONE,2014-01-05 17:00:00+00:00,2014-01-05 00:00:00+00:00,2014-01-05 00:00:00+00:00,E2014_PV1,True,24,21
2014-01-06,2014-01-06 14:00:00+00:00,2014-01-06 09:00:00-05:00,-5.0,108904.523,True,108611.0,True,NONE,2014-01-05 17:00:00+00:00,2014-01-05 00:00:00+00:00,2014-01-05 00:00:00+00:00,E2014_PV1,True,24,21
2014-01-06,2014-01-06 15:00:00+00:00,2014-01-06 10:00:00-05:00,-5.0,110740.238,True,109739.0,True,NONE,2014-01-05 17:00:00+00:00,2014-01-05 00:00:00+00:00,2014-01-05 00:00:00+00:00,E2014_PV1,True,24,21
2014-01-06,2014-01-06 16:00:00+00:00,2014-01-06 11:00:00-05:00,-5.0,111981.587,True,109938.0,True,NONE,2014-01-05 17:00:00+00:00,2014-01-05 00:00:00+00:00,2014-01-05 00:00:00+00:00,E2014_PV1,True,24,21
2014-01-06,2014-01-06 17:00:00+00:00,2014-01-06 12:00:00-05:00,-5.0,112684.155,True,109531.0,True,NONE,2014-01-05 17:00:00+00:00,2014-01-05 00:00:00+00:00,2014-01-05 00:00:00+00:00,E2014_PV1,True,24,21
2014-01-06,2014-01-06 18:00:00+00:00,2014-01-06 13:00:00-05:00,-5.0,112620.486,True,109269.0,True,NONE,2014-01-05 17:00:00+00:00,2014-01-05 00:00:00+00:00,2014-01-05 00:00:00+00:00,E2014_PV1,True,24,21
2014-01-06,2014-01-06 19:00:00+00:00,2014-01-06 14:00:00-05:00,-5.0,112289.285,True,108654.0,True,NONE,2014-01-05 17:00:00+00:00,2014-01-05 00:00:00+00:00,2014-01-05 00:00:00+00:00,E2014_PV1,True,24,21
2014-01-06,2014-01-06 20:00:00+00:00,2014-01-06 15:00:00-05:00,-5.0,113163.45,True,109834.0,True,NONE,2014-01-05 17:00:00+00:00,2014-01-05 00:00:00+00:00,2014-01-05 00:00:00+00:00,E2014_PV1,True,24,21
2014-01-06,2014-01-06 21:00:00+00:00,2014-01-06 16:00:00-05:00,-5.0,117184.429,True,112978.0,True,NONE,2014-01-05 17:00:00+00:00,2014-01-05 00:00:00+00:00,2014-01-05 00:00:00+00:00,E2014_PV1,True,24,21
2014-01-06,2014-01-06 22:00:00+00:00,2014-01-06 17:00:00-05:00,-5.0,125832.1,True,120573.0,True,NONE,2014-01-05 17:00:00+00:00,2014-01-05 00:00:00+00:00,2014-01-05 00:00:00+00:00,E2014_PV1,True,24,21
2014-01-06,2014-01-06 23:00:00+00:00,2014-01-06 18:00:00-05:00,-5.0,130536.994,True,125365.0,True,NONE,2014-01-05 17:00:00+00:00,2014-01-05 00:00:00+00:00,2014-01-05 00:00:00+00:00,E2014_PV1,True,24,21
2014-01-06,2014-01-07 00:00:00+00:00,2014-01-06 19:00:00-05:00,-5.0,131141.653,True,126603.0,True,NONE,2014-01-05 17:00:00+00:00,2014-01-05 00:00:00+00:00,2014-01-05 00:00:00+00:00,E2014_PV1,True,24,21
2014-01-06,2014-01-07 01:00:00+00:00,2014-01-06 20:00:00-05:00,-5.0,130559.635,True,126970.0,True,NONE,2014-01-05 17:00:00+00:00,2014-01-05 00:00:00+00:00,2014-01-05 00:00:00+00:00,E2014_PV1,True,24,21
2014-01-06,2014-01-07 02:00:00+00:00,2014-01-06 21:00:00-05:00,-5.0,128841.202,True,,False,NO_COMPLETE_VINTAGE,2014-01-05 17:00:00+00:00,2014-01-05 00:00:00+00:00,2014-01-05 00:00:00+00:00,E2014_PV1,True,24,21
2014-01-06,2014-01-07 03:00:00+00:00,2014-01-06 22:00:00-05:00,-5.0,125687.972,True,,False,NO_COMPLETE_VINTAGE,2014-01-05 17:00:00+00:00,2014-01-05 00:00:00+00:00,2014-01-05 00:00:00+00:00,E2014_PV1,True,24,21
2014-01-06,2014-01-07 04:00:00+00:00,2014-01-06 23:00:00-05:00,-5.0,121833.708,True,,False,NO_COMPLETE_VINTAGE,2014-01-05 17:00:00+00:00,2014-01-05 00:00:00+00:00,2014-01-05 00:00:00+00:00,E2014_PV1,True,24,21
2014-01-07,2014-01-07 05:00:00+00:00,2014-01-07 00:00:00-05:00,-5.0,119951.159,True,115557.0,True,NONE,2014-01-06 17:00:00+00:00,2014-01-06 00:00:00+00:00,2014-01-06 00:00:00+00:00,E2014_PV1,True,24,21
2014-01-07,2014-01-07 06:00:00+00:00,2014-01-07 01:00:00-05:00,-5.0,119189.921,True,114166.0,True,NONE,2014-01-06 17:00:00+00:00,2014-01-06 00:00:00+00:00,2014-01-06 00:00:00+00:00,E2014_PV1,True,24,21
2014-01-07,2014-01-07 07:00:00+00:00,2014-01-07 02:00:00-05:00,-5.0,119275.233,True,114101.0,True,NONE,2014-01-06 17:00:00+00:00,2014-01-06 00:00:00+00:00,2014-01-06 00:00:00+00:00,E2014_PV1,True,24,21
2014-01-07,2014-01-07 08:00:00+00:00,2014-01-07 03:00:00-05:00,-5.0,120128.948,True,114977.0,True,NONE,2014-01-06 17:00:00+00:00,2014-01-06 00:00:00+00:00,2014-01-06 00:00:00+00:00,E2014_PV1,True,24,21
2014-01-07,2014-01-07 09:00:00+00:00,2014-01-07 04:00:00-05:00,-5.0,122347.834,True,118228.0,True,NONE,2014-01-06 17:00:00+00:00,2014-01-06 00:00:00+00:00,2014-01-06 00:00:00+00:00,E2014_PV1,True,24,21
2014-01-07,2014-01-07 10:00:00+00:00,2014-01-07 05:00:00-05:00,-5.0,126911.066,True,123647.0,True,NONE,2014-01-06 17:00:00+00:00,2014-01-06 00:00:00+00:00,2014-01-06 00:00:00+00:00,E2014_PV1,True,24,21
2014-01-07,2014-01-07 11:00:00+00:00,2014-01-07 06:00:00-05:00,-5.0,133606.209,True,131991.0,True,NONE,2014-01-06 17:00:00+00:00,2014-01-06 00:00:00+00:00,2014-01-06 00:00:00+00:00,E2014_PV1,True,24,21
2014-01-07,2014-01-07 12:00:00+00:00,2014-01-07 07:00:00-05:00,-5.0,137997.87,True,137043.0,True,NONE,2014-01-06 17:00:00+00:00,2014-01-06 00:00:00+00:00,2014-01-06 00:00:00+00:00,E2014_PV1,True,24,21
2014-01-07,2014-01-07 13:00:00+00:00,2014-01-07 08:00:00-05:00,-5.0,137545.961,True,140551.0,True,NONE,2014-01-06 17:00:00+00:00,2014-01-06 00:00:00+00:00,2014-01-06 00:00:00+00:00,E2014_PV1,True,24,21
2014-01-07,2014-01-07 14:00:00+00:00,2014-01-07 09:00:00-05:00,-5.0,136586.875,True,138690.0,True,NONE,2014-01-06 17:00:00+00:00,2014-01-06 00:00:00+00:00,2014-01-06 00:00:00+00:00,E2014_PV1,True,24,21
2014-01-07,2014-01-07 15:00:00+00:00,2014-01-07 10:00:00-05:00,-5.0,135644.03,True,135812.0,True,NONE,2014-01-06 17:00:00+00:00,2014-01-06 00:00:00+00:00,2014-01-06 00:00:00+00:00,E2014_PV1,True,24,21
2014-01-07,2014-01-07 16:00:00+00:00,2014-01-07 11:00:00-05:00,-5.0,134382.174,True,132168.0,True,NONE,2014-01-06 17:00:00+00:00,2014-01-06 00:00:00+00:00,2014-01-06 00:00:00+00:00,E2014_PV1,True,24,21
2014-01-07,2014-01-07 17:00:00+00:00,2014-01-07 12:00:00-05:00,-5.0,132611.764,True,129246.0,True,NONE,2014-01-06 17:00:00+00:00,2014-01-06 00:00:00+00:00,2014-01-06 00:00:00+00:00,E2014_PV1,True,24,21
2014-01-07,2014-01-07 18:00:00+00:00,2014-01-07 13:00:00-05:00,-5.0,130594.953,True,126552.0,True,NONE,2014-01-06 17:00:00+00:00,2014-01-06 00:00:00+00:00,2014-01-06 00:00:00+00:00,E2014_PV1,True,24,21
2014-01-07,2014-01-07 19:00:00+00:00,2014-01-07 14:00:00-05:00,-5.0,128823.938,True,124398.0,True,NONE,2014-01-06 17:00:00+00:00,2014-01-06 00:00:00+00:00,2014-01-06 00:00:00+00:00,E2014_PV1,True,24,21
2014-01-07,2014-01-07 20:00:00+00:00,2014-01-07 15:00:00-05:00,-5.0,128079.207,True,123791.0,True,NONE,2014-01-06 17:00:00+00:00,2014-01-06 00:00:00+00:00,2014-01-06 00:00:00+00:00,E2014_PV1,True,24,21
2014-01-07,2014-01-07 21:00:00+00:00,2014-01-07 16:00:00-05:00,-5.0,130440.36,True,125979.0,True,NONE,2014-01-06 17:00:00+00:00,2014-01-06 00:00:00+00:00,2014-01-06 00:00:00+00:00,E2014_PV1,True,24,21
2014-01-07,2014-01-07 22:00:00+00:00,2014-01-07 17:00:00-05:00,-5.0,137604.377,True,131954.0,True,NONE,2014-01-06 17:00:00+00:00,2014-01-06 00:00:00+00:00,2014-01-06 00:00:00+00:00,E2014_PV1,True,24,21
2014-01-07,2014-01-07 23:00:00+00:00,2014-01-07 18:00:00-05:00,-5.0,140510.233,True,137965.0,True,NONE,2014-01-06 17:00:00+00:00,2014-01-06 00:00:00+00:00,2014-01-06 00:00:00+00:00,E2014_PV1,True,24,21
2014-01-07,2014-01-08 00:00:00+00:00,2014-01-07 19:00:00-05:00,-5.0,140128.509,True,139522.0,True,NONE,2014-01-06 17:00:00+00:00,2014-01-06 00:00:00+00:00,2014-01-06 00:00:00+00:00,E2014_PV1,True,24,21
2014-01-07,2014-01-08 01:00:00+00:00,2014-01-07 20:00:00-05:00,-5.0,138023.189,True,136748.0,True,NONE,2014-01-06 17:00:00+00:00,2014-01-06 00:00:00+00:00,2014-01-06 00:00:00+00:00,E2014_PV1,True,24,21
2014-01-07,2014-01-08 02:00:00+00:00,2014-01-07 21:00:00-05:00,-5.0,133810.869,True,,False,NO_COMPLETE_VINTAGE,2014-01-06 17:00:00+00:00,2014-01-06 00:00:00+00:00,2014-01-06 00:00:00+00:00,E2014_PV1,True,24,21
2014-01-07,2014-01-08 03:00:00+00:00,2014-01-07 22:00:00-05:00,-5.0,127358.569,True,,False,NO_COMPLETE_VINTAGE,2014-01-06 17:00:00+00:00,2014-01-06 00:00:00+00:00,2014-01-06 00:00:00+00:00,E2014_PV1,True,24,21
2014-01-07,2014-01-08 04:00:00+00:00,2014-01-07 23:00:00-05:00,-5.0,121529.092,True,,False,NO_COMPLETE_VINTAGE,2014-01-06 17:00:00+00:00,2014-01-06 00:00:00+00:00,2014-01-06 00:00:00+00:00,E2014_PV1,True,24,21
2014-01-08,2014-01-08 05:00:00+00:00,2014-01-08 00:00:00-05:00,-5.0,117713.179,True,111368.0,True,NONE,2014-01-07 17:00:00+00:00,2014-01-07 00:00:00+00:00,2014-01-07 00:00:00+00:00,E2014_PV1,True,24,21
2014-01-08,2014-01-08 06:00:00+00:00,2014-01-08 01:00:00-05:00,-5.0,115888.623,True,109556.0,True,NONE,2014-01-07 17:00:00+00:00,2014-01-07 00:00:00+00:00,2014-01-07 00:00:00+00:00,E2014_PV1,True,24,21
2014-01-08,2014-01-08 07:00:00+00:00,2014-01-08 02:00:00-05:00,-5.0,115236.851,True,108907.0,True,NONE,2014-01-07 17:00:00+00:00,2014-01-07 00:00:00+00:00,2014-01-07 00:00:00+00:00,E2014_PV1,True,24,21
2014-01-08,2014-01-08 08:00:00+00:00,2014-01-08 03:00:00-05:00,-5.0,115158.794,True,109064.0,True,NONE,2014-01-07 17:00:00+00:00,2014-01-07 00:00:00+00:00,2014-01-07 00:00:00+00:00,E2014_PV1,True,24,21
2014-01-08,2014-01-08 09:00:00+00:00,2014-01-08 04:00:00-05:00,-5.0,117081.621,True,111011.0,True,NONE,2014-01-07 17:00:00+00:00,2014-01-07 00:00:00+00:00,2014-01-07 00:00:00+00:00,E2014_PV1,True,24,21
2014-01-08,2014-01-08 10:00:00+00:00,2014-01-08 05:00:00-05:00,-5.0,121543.547,True,115658.0,True,NONE,2014-01-07 17:00:00+00:00,2014-01-07 00:00:00+00:00,2014-01-07 00:00:00+00:00,E2014_PV1,True,24,21
2014-01-08,2014-01-08 11:00:00+00:00,2014-01-08 06:00:00-05:00,-5.0,128630.873,True,122829.0,True,NONE,2014-01-07 17:00:00+00:00,2014-01-07 00:00:00+00:00,2014-01-07 00:00:00+00:00,E2014_PV1,True,24,21
2014-01-08,2014-01-08 12:00:00+00:00,2014-01-08 07:00:00-05:00,-5.0,133288.136,True,127250.0,True,NONE,2014-01-07 17:00:00+00:00,2014-01-07 00:00:00+00:00,2014-01-07 00:00:00+00:00,E2014_PV1,True,24,21
2014-01-08,2014-01-08 13:00:00+00:00,2014-01-08 08:00:00-05:00,-5.0,132168.05,True,126044.0,True,NONE,2014-01-07 17:00:00+00:00,2014-01-07 00:00:00+00:00,2014-01-07 00:00:00+00:00,E2014_PV1,True,24,21
2014-01-08,2014-01-08 14:00:00+00:00,2014-01-08 09:00:00-05:00,-5.0,128615.536,True,123255.0,True,NONE,2014-01-07 17:00:00+00:00,2014-01-07 00:00:00+00:00,2014-01-07 00:00:00+00:00,E2014_PV1,True,24,21
2014-01-08,2014-01-08 15:00:00+00:00,2014-01-08 10:00:00-05:00,-5.0,125224.45,True,120517.0,True,NONE,2014-01-07 17:00:00+00:00,2014-01-07 00:00:00+00:00,2014-01-07 00:00:00+00:00,E2014_PV1,True,24,21
2014-01-08,2014-01-08 16:00:00+00:00,2014-01-08 11:00:00-05:00,-5.0,122182.555,True,120968.0,True,NONE,2014-01-07 17:00:00+00:00,2014-01-07 00:00:00+00:00,2014-01-07 00:00:00+00:00,E2014_PV1,True,24,21
2014-01-08,2014-01-08 17:00:00+00:00,2014-01-08 12:00:00-05:00,-5.0,119198.671,True,118150.0,True,NONE,2014-01-07 17:00:00+00:00,2014-01-07 00:00:00+00:00,2014-01-07 00:00:00+00:00,E2014_PV1,True,24,21
2014-01-08,2014-01-08 18:00:00+00:00,2014-01-08 13:00:00-05:00,-5.0,117091.637,True,116326.0,True,NONE,2014-01-07 17:00:00+00:00,2014-01-07 00:00:00+00:00,2014-01-07 00:00:00+00:00,E2014_PV1,True,24,21
2014-01-08,2014-01-08 19:00:00+00:00,2014-01-08 14:00:00-05:00,-5.0,115161.28,True,114838.0,True,NONE,2014-01-07 17:00:00+00:00,2014-01-07 00:00:00+00:00,2014-01-07 00:00:00+00:00,E2014_PV1,True,24,21
2014-01-08,2014-01-08 20:00:00+00:00,2014-01-08 15:00:00-05:00,-5.0,114694.139,True,113594.0,True,NONE,2014-01-07 17:00:00+00:00,2014-01-07 00:00:00+00:00,2014-01-07 00:00:00+00:00,E2014_PV1,True,24,21
2014-01-08,2014-01-08 21:00:00+00:00,2014-01-08 16:00:00-05:00,-5.0,117241.595,True,115976.0,True,NONE,2014-01-07 17:00:00+00:00,2014-01-07 00:00:00+00:00,2014-01-07 00:00:00+00:00,E2014_PV1,True,24,21
2014-01-08,2014-01-08 22:00:00+00:00,2014-01-08 17:00:00-05:00,-5.0,123774.213,True,123135.0,True,NONE,2014-01-07 17:00:00+00:00,2014-01-07 00:00:00+00:00,2014-01-07 00:00:00+00:00,E2014_PV1,True,24,21
2014-01-08,2014-01-08 23:00:00+00:00,2014-01-08 18:00:00-05:00,-5.0,126135.807,True,126781.0,True,NONE,2014-01-07 17:00:00+00:00,2014-01-07 00:00:00+00:00,2014-01-07 00:00:00+00:00,E2014_PV1,True,24,21
2014-01-08,2014-01-09 00:00:00+00:00,2014-01-08 19:00:00-05:00,-5.0,125489.604,True,127001.0,True,NONE,2014-01-07 17:00:00+00:00,2014-01-07 00:00:00+00:00,2014-01-07 00:00:00+00:00,E2014_PV1,True,24,21
2014-01-08,2014-01-09 01:00:00+00:00,2014-01-08 20:00:00-05:00,-5.0,123754.716,True,125250.0,True,NONE,2014-01-07 17:00:00+00:00,2014-01-07 00:00:00+00:00,2014-01-07 00:00:00+00:00,E2014_PV1,True,24,21
2014-01-08,2014-01-09 02:00:00+00:00,2014-01-08 21:00:00-05:00,-5.0,119471.048,True,,False,NO_COMPLETE_VINTAGE,2014-01-07 17:00:00+00:00,2014-01-07 00:00:00+00:00,2014-01-07 00:00:00+00:00,E2014_PV1,True,24,21
2014-01-08,2014-01-09 03:00:00+00:00,2014-01-08 22:00:00-05:00,-5.0,112984.259,True,,False,NO_COMPLETE_VINTAGE,2014-01-07 17:00:00+00:00,2014-01-07 00:00:00+00:00,2014-01-07 00:00:00+00:00,E2014_PV1,True,24,21
2014-01-08,2014-01-09 04:00:00+00:00,2014-01-08 23:00:00-05:00,-5.0,106674.756,True,,False,NO_COMPLETE_VINTAGE,2014-01-07 17:00:00+00:00,2014-01-07 00:00:00+00:00,2014-01-07 00:00:00+00:00,E2014_PV1,True,24,21
