operating_day_pjm,initialization_utc,initialization_date,cycle_hour_utc
2014-01-01,2013-12-31 06:00:00+00:00,2013-12-31,6
2014-01-02,2014-01-01 06:00:00+00:00,2014-01-01,6
2014-01-03,2014-01-02 06:00:00+00:00,2014-01-02,6
2014-01-04,2014-01-03 06:00:00+00:00,2014-01-03,6
2014-01-05,2014-01-04 06:00:00+00:00,2014-01-04,6
2014-01-06,2014-01-05 06:00:00+00:00,2014-01-05,6
2014-01-07,2014-01-06 06:00:00+00:00,2014-01-06,6
2014-01-08,2014-01-07 06:00:00+00:00,2014-01-07,6
2014-01-09,2014-01-08 06:00:00+00:00,2014-01-08,6
2014-01-10,2014-01-09 06:00:00+00:00,2014-01-09,6
2014-01-11,2014-01-10 06:00:00+00:00,2014-01-10,6
2014-01-12,2014-01-11 06:00:00+00:00,2014-01-11,6
2014-01-13,2014-01-12 06:00:00+00:00,2014-01-12,6
2014-01-14,2014-01-13 06:00:00+00:00,2014-01-13,6
2014-01-15,2014-01-14 06:00:00+00:00,2014-01-14,6
2014-01-16,2014-01-15 06:00:00+00:00,2014-01-15,6
2014-01-17,2014-01-16 06:00:00+00:00,2014-01-16,6
2014-01-18,2014-01-17 06:00:00+00:00,2014-01-17,6
2014-01-19,2014-01-18 06:00:00+00:00,2014-01-18,6
2014-01-20,2014-01-19 06:00:00+00:00,2014-01-19,6
2014-01-21,2014-01-20 06:00:00+00:00,2014-01-20,6
2014-01-22,2014-01-21 06:00:00+00:00,2014-01-21,6
2014-01-23,2014-01-22 06:00:00+00:00,2014-01-22,6
2014-01-24,2014-01-23 06:00:00+00:00,2014-01-23,6
2014-01-25,2014-01-24 06:00:00+00:00,2014-01-24,6
2014-01-26,2014-01-25 06:00:00+00:00,2014-01-25,6
2014-01-27,2014-01-26 06:00:00+00:00,2014-01-26,6
2014-01-28,2014-01-27 06:00:00+00:00,2014-01-27,6
2014-01-29,2014-01-28 06:00:00+00:00,2014-01-28,6
2014-01-30,2014-01-29 06:00:00+00:00,2014-01-29,6
2014-01-31,2014-01-30 06:00:00+00:00,2014-01-30,6
2014-02-01,2014-01-31 06:00:00+00:00,2014-01-31,6
2014-02-02,2014-02-01 06:00:00+00:00,2014-02-01,6
2014-02-03,2014-02-02 06:00:00+00:00,2014-02-02,6
2014-02-04,2014-02-03 06:00:00+00:00,2014-02-03,6
2014-02-05,2014-02-04 06:00:00+00:00,2014-02-04,6
2014-02-06,2014-02-05 06:00:00+00:00,2014-02-05,6
2014-02-07,2014-02-06 06:00:00+00:00,2014-02-06,6
2014-02-08,2014-02-07 06:00:00+00:00,2014-02-07,6
2014-02-09,2014-02-08 06:00:00+00:00,2014-02-08,6
2014-02-10,2014-02-09 06:00:00+00:00,2014-02-09,6
2014-02-11,2014-02-10 06:00:00+00:00,2014-02-10,6
2014-02-12,2014-02-11 06:00:00+00:00,2014-02-11,6
2014-02-13,2014-02-12 06:00:00+00:00,2014-02-12,6
2014-02-14,2014-02-13 06:00:00+00:00,2014-02-13,6
2014-02-15,2014-02-14 06:00:00+00:00,2014-02-14,6
2014-02-16,2014-02-15 06:00:00+00:00,2014-02-15,6
2014-02-17,2014-02-16 06:00:00+00:00,2014-02-16,6
2014-02-18,2014-02-17 06:00:00+00:00,2014-02-17,6
2014-02-19,2014-02-18 06:00:00+00:00,2014-02-18,6
2014-02-20,2014-02-19 06:00:00+00:00,2014-02-19,6
2014-02-21,2014-02-20 06:00:00+00:00,2014-02-20,6
2014-02-22,2014-02-21 06:00:00+00:00,2014-02-21,6
2014-02-23,2014-02-22 06:00:00+00:00,2014-02-22,6
2014-02-24,2014-02-23 06:00:00+00:00,2014-02-23,6
2014-02-25,2014-02-24 06:00:00+00:00,2014-02-24,6
2014-02-26,2014-02-25 06:00:00+00:00,2014-02-25,6
2014-02-27,2014-02-26 06:00:00+00:00,2014-02-26,6
2014-02-28,2014-02-27 06:00:00+00:00,2014-02-27,6
2014-03-01,2014-02-28 06:00:00+00:00,2014-02-28,6
2014-03-02,2014-03-01 06:00:00+00:00,2014-03-01,6
2014-03-03,2014-03-02 06:00:00+00:00,2014-03-02,6
2014-03-04,2014-03-03 06:00:00+00:00,2014-03-03,6
2014-03-05,2014-03-04 06:00:00+00:00,2014-03-04,6
2014-03-06,2014-03-05 06:00:00+00:00,2014-03-05,6
2014-03-07,2014-03-06 06:00:00+00:00,2014-03-06,6
2014-03-08,2014-03-07 06:00:00+00:00,2014-03-07,6
2014-03-09,2014-03-08 06:00:00+00:00,2014-03-08,6
2014-03-10,2014-03-09 06:00:00+00:00,2014-03-09,6
2014-03-11,2014-03-10 06:00:00+00:00,2014-03-10,6
2014-03-12,2014-03-11 06:00:00+00:00,2014-03-11,6
2014-03-13,2014-03-12 06:00:00+00:00,2014-03-12,6
2014-03-14,2014-03-13 06:00:00+00:00,2014-03-13,6
2014-03-15,2014-03-14 06:00:00+00:00,2014-03-14,6
2014-03-16,2014-03-15 06:00:00+00:00,2014-03-15,6
2014-03-17,2014-03-16 06:00:00+00:00,2014-03-16,6
2014-03-18,2014-03-17 06:00:00+00:00,2014-03-17,6
2014-03-19,2014-03-18 06:00:00+00:00,2014-03-18,6
2014-03-20,2014-03-19 06:00:00+00:00,2014-03-19,6
2014-03-21,2014-03-20 06:00:00+00:00,2014-03-20,6
2014-03-22,2014-03-21 06:00:00+00:00,2014-03-21,6
2014-03-23,2014-03-22 06:00:00+00:00,2014-03-22,6
2014-03-24,2014-03-23 06:00:00+00:00,2014-03-23,6
2014-03-25,2014-03-24 06:00:00+00:00,2014-03-24,6
2014-03-26,2014-03-25 06:00:00+00:00,2014-03-25,6
2014-03-27,2014-03-26 06:00:00+00:00,2014-03-26,6
2014-03-28,2014-03-27 06:00:00+00:00,2014-03-27,6
2014-03-29,2014-03-28 06:00:00+00:00,2014-03-28,6
2014-03-30,2014-03-29 06:00:00+00:00,2014-03-29,6
2014-03-31,2014-03-30 06:00:00+00:00,2014-03-30,6
2014-04-01,2014-03-31 06:00:00+00:00,2014-03-31,6
2014-04-02,2014-04-01 06:00:00+00:00,2014-04-01,6
2014-04-03,2014-04-02 06:00:00+00:00,2014-04-02,6
2014-04-04,2014-04-03 06:00:00+00:00,2014-04-03,6
2014-04-05,2014-04-04 06:00:00+00:00,2014-04-04,6
2014-04-06,2014-04-05 06:00:00+00:00,2014-04-05,6
2014-04-07,2014-04-06 06:00:00+00:00,2014-04-06,6
2014-04-08,2014-04-07 06:00:00+00:00,2014-04-07,6
2014-04-09,2014-04-08 06:00:00+00:00,2014-04-08,6
2014-04-10,2014-04-09 06:00:00+00:00,2014-04-09,6
2014-04-11,2014-04-10 06:00:00+00:00,2014-04-10,6
2014-04-12,2014-04-11 06:00:00+00:00,2014-04-11,6
2014-04-13,2014-04-12 06:00:00+00:00,2014-04-12,6
2014-04-14,2014-04-13 06:00:00+00:00,2014-04-13,6
2014-04-15,2014-04-14 06:00:00+00:00,2014-04-14,6
2014-04-16,2014-04-15 06:00:00+00:00,2014-04-15,6
2014-04-17,2014-04-16 06:00:00+00:00,2014-04-16,6
2014-04-18,2014-04-17 06:00:00+00:00,2014-04-17,6
2014-04-19,2014-04-18 06:00:00+00:00,2014-04-18,6
2014-04-20,2014-04-19 06:00:00+00:00,2014-04-19,6
2014-04-21,2014-04-20 06:00:00+00:00,2014-04-20,6
2014-04-22,2014-04-21 06:00:00+00:00,2014-04-21,6
2014-04-23,2014-04-22 06:00:00+00:00,2014-04-22,6
2014-04-24,2014-04-23 06:00:00+00:00,2014-04-23,6
2014-04-25,2014-04-24 06:00:00+00:00,2014-04-24,6
2014-04-26,2014-04-25 06:00:00+00:00,2014-04-25,6
2014-04-27,2014-04-26 06:00:00+00:00,2014-04-26,6
2014-04-28,2014-04-27 06:00:00+00:00,2014-04-27,6
2014-04-29,2014-04-28 06:00:00+00:00,2014-04-28,6
2014-04-30,2014-04-29 06:00:00+00:00,2014-04-29,6
2014-05-01,2014-04-30 06:00:00+00:00,2014-04-30,6
2014-05-02,2014-05-01 06:00:00+00:00,2014-05-01,6
2014-05-03,2014-05-02 06:00:00+00:00,2014-05-02,6
2014-05-04,2014-05-03 06:00:00+00:00,2014-05-03,6
2014-05-05,2014-05-04 06:00:00+00:00,2014-05-04,6
2014-05-06,2014-05-05 06:00:00+00:00,2014-05-05,6
2014-05-07,2014-05-06 06:00:00+00:00,2014-05-06,6
2014-05-08,2014-05-07 06:00:00+00:00,2014-05-07,6
2014-05-09,2014-05-08 06:00:00+00:00,2014-05-08,6
2014-05-10,2014-05-09 06:00:00+00:00,2014-05-09,6
2014-05-11,2014-05-10 06:00:00+00:00,2014-05-10,6
2014-05-12,2014-05-11 06:00:00+00:00,2014-05-11,6
2014-05-13,2014-05-12 06:00:00+00:00,2014-05-12,6
2014-05-14,2014-05-13 06:00:00+00:00,2014-05-13,6
2014-05-15,2014-05-14 06:00:00+00:00,2014-05-14,6
2014-05-16,2014-05-15 06:00:00+00:00,2014-05-15,6
2014-05-17,2014-05-16 06:00:00+00:00,2014-05-16,6
2014-05-18,2014-05-17 06:00:00+00:00,2014-05-17,6
2014-05-19,2014-05-18 06:00:00+00:00,2014-05-18,6
2014-05-20,2014-05-19 06:00:00+00:00,2014-05-19,6
2014-05-21,2014-05-20 06:00:00+00:00,2014-05-20,6
2014-05-22,2014-05-21 06:00:00+00:00,2014-05-21,6
2014-05-23,2014-05-22 06:00:00+00:00,2014-05-22,6
2014-05-24,2014-05-23 06:00:00+00:00,2014-05-23,6
2014-05-25,2014-05-24 06:00:00+00:00,2014-05-24,6
2014-05-26,2014-05-25 06:00:00+00:00,2014-05-25,6
2014-05-27,2014-05-26 06:00:00+00:00,2014-05-26,6
2014-05-28,2014-05-27 06:00:00+00:00,2014-05-27,6
2014-05-29,2014-05-28 06:00:00+00:00,2014-05-28,6
2014-05-30,2014-05-29 06:00:00+00:00,2014-05-29,6
2014-05-31,2014-05-30 06:00:00+00:00,2014-05-30,6
2014-06-01,2014-05-31 06:00:00+00:00,2014-05-31,6
2014-06-02,2014-06-01 06:00:00+00:00,2014-06-01,6
2014-06-03,2014-06-02 06:00:00+00:00,2014-06-02,6
2014-06-04,2014-06-03 06:00:00+00:00,2014-06-03,6
2014-06-05,2014-06-04 06:00:00+00:00,2014-06-04,6
2014-06-06,2014-06-05 06:00:00+00:00,2014-06-05,6
2014-06-07,2014-06-06 06:00:00+00:00,2014-06-06,6
2014-06-08,2014-06-07 06:00:00+00:00,2014-06-07,6
2014-06-09,2014-06-08 06:00:00+00:00,2014-06-08,6
2014-06-10,2014-06-09 06:00:00+00:00,2014-06-09,6
2014-06-11,2014-06-10 06:00:00+00:00,2014-06-10,6
2014-06-12,2014-06-11 06:00:00+00:00,2014-06-11,6
2014-06-13,2014-06-12 06:00:00+00:00,2014-06-12,6
2014-06-14,2014-06-13 06:00:00+00:00,2014-06-13,6
2014-06-15,2014-06-14 06:00:00+00:00,2014-06-14,6
2014-06-16,2014-06-15 06:00:00+00:00,2014-06-15,6
2014-06-17,2014-06-16 06:00:00+00:00,2014-06-16,6
2014-06-18,2014-06-17 06:00:00+00:00,2014-06-17,6
2014-06-19,2014-06-18 06:00:00+00:00,2014-06-18,6
2014-06-20,2014-06-19 06:00:00+00:00,2014-06-19,6
2014-06-21,2014-06-20 06:00:00+00:00,2014-06-20,6
2014-06-22,2014-06-21 06:00:00+00:00,2014-06-21,6
2014-06-23,2014-06-22 06:00:00+00:00,2014-06-22,6
2014-06-24,2014-06-23 06:00:00+00:00,2014-06-23,6
2014-06-25,2014-06-24 06:00:00+00:00,2014-06-24,6
2014-06-26,2014-06-25 06:00:00+00:00,2014-06-25,6
2014-06-27,2014-06-26 06:00:00+00:00,2014-06-26,6
2014-06-28,2014-06-27 06:00:00+00:00,2014-06-27,6
2014-06-29,2014-06-28 06:00:00+00:00,2014-06-28,6
2014-06-30,2014-06-29 06:00:00+00:00,2014-06-29,6
2014-07-01,2014-06-30 06:00:00+00:00,2014-06-30,6
2014-07-02,2014-07-01 06:00:00+00:00,2014-07-01,6
2014-07-03,2014-07-02 06:00:00+00:00,2014-07-02,6
2014-07-04,2014-07-03 06:00:00+00:00,2014-07-03,6
2014-07-05,2014-07-04 06:00:00+00:00,2014-07-04,6
2014-07-06,2014-07-05 06:00:00+00:00,2014-07-05,6
2014-07-07,2014-07-06 06:00:00+00:00,2014-07-06,6
2014-07-08,2014-07-07 06:00:00+00:00,2014-07-07,6
2014-07-09,2014-07-08 06:00:00+00:00,2014-07-08,6
2014-07-10,2014-07-09 06:00:00+00:00,2014-07-09,6
2014-07-11,2014-07-10 06:00:00+00:00,2014-07-10,6
2014-07-12,2014-07-11 06:00:00+00:00,2014-07-11,6
2014-07-13,2014-07-12 06:00:00+00:00,2014-07-12,6
2014-07-14,2014-07-13 06:00:00+00:00,2014-07-13,6
2014-07-15,2014-07-14 06:00:00+00:00,2014-07-14,6
2014-07-16,2014-07-15 06:00:00+00:00,2014-07-15,6
2014-07-17,2014-07-16 06:00:00+00:00,2014-07-16,6
2014-07-18,2014-07-17 06:00:00+00:00,2014-07-17,6
2014-07-19,2014-07-18 06:00:00+00:00,2014-07-18,6
2014-07-20,2014-07-19 06:00:00+00:00,2014-07-19,6
2014-07-21,2014-07-20 06:00:00+00:00,2014-07-20,6
2014-07-22,2014-07-21 06:00:00+00:00,2014-07-21,6
2014-07-23,2014-07-22 06:00:00+00:00,2014-07-22,6
2014-07-24,2014-07-23 06:00:00+00:00,2014-07-23,6
2014-07-25,2014-07-24 06:00:00+00:00,2014-07-24,6
2014-07-26,2014-07-25 06:00:00+00:00,2014-07-25,6
2014-07-27,2014-07-26 06:00:00+00:00,2014-07-26,6
2014-07-28,2014-07-27 06:00:00+00:00,2014-07-27,6
2014-07-29,2014-07-28 06:00:00+00:00,2014-07-28,6
2014-07-30,2014-07-29 06:00:00+00:00,2014-07-29,6
2014-07-31,2014-07-30 06:00:00+00:00,2014-07-30,6
2014-08-01,2014-07-31 06:00:00+00:00,2014-07-31,6
2014-08-02,2014-08-01 06:00:00+00:00,2014-08-01,6
2014-08-03,2014-08-02 06:00:00+00:00,2014-08-02,6
2014-08-04,2014-08-03 06:00:00+00:00,2014-08-03,6
2014-08-05,2014-08-04 06:00:00+00:00,2014-08-04,6
2014-08-06,2014-08-05 06:00:00+00:00,2014-08-05,6
2014-08-07,2014-08-06 06:00:00+00:00,2014-08-06,6
2014-08-08,2014-08-07 06:00:00+00:00,2014-08-07,6
2014-08-09,2014-08-08 06:00:00+00:00,2014-08-08,6
2014-08-10,2014-08-09 06:00:00+00:00,2014-08-09,6
2014-08-11,2014-08-10 06:00:00+00:00,2014-08-10,6
2014-08-12,2014-08-11 06:00:00+00:00,2014-08-11,6
2014-08-13,2014-08-12 06:00:00+00:00,2014-08-12,6
2014-08-14,2014-08-13 06:00:00+00:00,2014-08-13,6
2014-08-15,2014-08-14 06:00:00+00:00,2014-08-14,6
2014-08-16,2014-08-15 06:00:00+00:00,2014-08-15,6
2014-08-17,2014-08-16 06:00:00+00:00,2014-08-16,6
2014-08-18,2014-08-17 06:00:00+00:00,2014-08-17,6
2014-08-19,2014-08-18 06:00:00+00:00,2014-08-18,6
2014-08-20,2014-08-19 06:00:00+00:00,2014-08-19,6
2014-08-21,2014-08-20 06:00:00+00:00,2014-08-20,6
2014-08-22,2014-08-21 06:00:00+00:00,2014-08-21,6
2014-08-23,2014-08-22 06:00:00+00:00,2014-08-22,6
2014-08-24,2014-08-23 06:00:00+00:00,2014-08-23,6
2014-08-25,2014-08-24 06:00:00+00:00,2014-08-24,6
2014-08-26,2014-08-25 06:00:00+00:00,2014-08-25,6
2014-08-27,2014-08-26 06:00:00+00:00,2014-08-26,6
2014-08-28,2014-08-27 06:00:00+00:00,2014-08-27,6
2014-08-29,2014-08-28 06:00:00+00:00,2014-08-28,6
2014-08-30,2014-08-29 06:00:00+00:00,2014-08-29,6
2014-08-31,2014-08-30 06:00:00+00:00,2014-08-30,6
2014-09-01,2014-08-31 06:00:00+00:00,2014-08-31,6
2014-09-02,2014-09-01 06:00:00+00:00,2014-09-01,6
2014-09-03,2014-09-02 06:00:00+00:00,2014-09-02,6
2014-09-04,2014-09-03 06:00:00+00:00,2014-09-03,6
2014-09-05,2014-09-04 06:00:00+00:00,2014-09-04,6
2014-09-06,2014-09-05 06:00:00+00:00,2014-09-05,6
2014-09-07,2014-09-06 06:00:00+00:00,2014-09-06,6
2014-09-08,2014-09-07 06:00:00+00:00,2014-09-07,6
2014-09-09,2014-09-08 06:00:00+00:00,2014-09-08,6
2014-09-10,2014-09-09 06:00:00+00:00,2014-09-09,6
2014-09-11,2014-09-10 06:00:00+00:00,2014-09-10,6
2014-09-12,2014-09-11 06:00:00+00:00,2014-09-11,6
2014-09-13,2014-09-12 06:00:00+00:00,2014-09-12,6
2014-09-14,2014-09-13 06:00:00+00:00,2014-09-13,6
2014-09-15,2014-09-14 06:00:00+00:00,2014-09-14,6
2014-09-16,2014-09-15 06:00:00+00:00,2014-09-15,6
2014-09-17,2014-09-16 06:00:00+00:00,2014-09-16,6
2014-09-18,2014-09-17 06:00:00+00:00,2014-09-17,6
2014-09-19,2014-09-18 06:00:00+00:00,2014-09-18,6
2014-09-20,2014-09-19 06:00:00+00:00,2014-09-19,6
2014-09-21,2014-09-20 06:00:00+00:00,2014-09-20,6
2014-09-22,2014-09-21 06:00:00+00:00,2014-09-21,6
2014-09-23,2014-09-22 06:00:00+00:00,2014-09-22,6
2014-09-24,2014-09-23 06:00:00+00:00,2014-09-23,6
2014-09-25,2014-09-24 06:00:00+00:00,2014-09-24,6
2014-09-26,2014-09-25 06:00:00+00:00,2014-09-25,6
2014-09-27,2014-09-26 06:00:00+00:00,2014-09-26,6
2014-09-28,2014-09-27 06:00:00+00:00,2014-09-27,6
2014-09-29,2014-09-28 06:00:00+00:00,2014-09-28,6
2014-09-30,2014-09-29 06:00:00+00:00,2014-09-29,6
2014-10-01,2014-09-30 06:00:00+00:00,2014-09-30,6
2014-10-02,2014-10-01 06:00:00+00:00,2014-10-01,6
2014-10-03,2014-10-02 06:00:00+00:00,2014-10-02,6
2014-10-04,2014-10-03 06:00:00+00:00,2014-10-03,6
2014-10-05,2014-10-04 06:00:00+00:00,2014-10-04,6
2014-10-06,2014-10-05 06:00:00+00:00,2014-10-05,6
2014-10-07,2014-10-06 06:00:00+00:00,2014-10-06,6
2014-10-08,2014-10-07 06:00:00+00:00,2014-10-07,6
2014-10-09,2014-10-08 06:00:00+00:00,2014-10-08,6
2014-10-10,2014-10-09 06:00:00+00:00,2014-10-09,6
2014-10-11,2014-10-10 06:00:00+00:00,2014-10-10,6
2014-10-12,2014-10-11 06:00:00+00:00,2014-10-11,6
2014-10-13,2014-10-12 06:00:00+00:00,2014-10-12,6
2014-10-14,2014-10-13 06:00:00+00:00,2014-10-13,6
2014-10-15,2014-10-14 06:00:00+00:00,2014-10-14,6
2014-10-16,2014-10-15 06:00:00+00:00,2014-10-15,6
2014-10-17,2014-10-16 06:00:00+00:00,2014-10-16,6
2014-10-18,2014-10-17 06:00:00+00:00,2014-10-17,6
2014-10-19,2014-10-18 06:00:00+00:00,2014-10-18,6
2014-10-20,2014-10-19 06:00:00+00:00,2014-10-19,6
2014-10-21,2014-10-20 06:00:00+00:00,2014-10-20,6
2014-10-22,2014-10-21 06:00:00+00:00,2014-10-21,6
2014-10-23,2014-10-22 06:00:00+00:00,2014-10-22,6
2014-10-24,2014-10-23 06:00:00+00:00,2014-10-23,6
2014-10-25,2014-10-24 06:00:00+00:00,2014-10-24,6
2014-10-26,2014-10-25 06:00:00+00:00,2014-10-25,6
2014-10-27,2014-10-26 06:00:00+00:00,2014-10-26,6
2014-10-28,2014-10-27 06:00:00+00:00,2014-10-27,6
2014-10-29,2014-10-28 06:00:00+00:00,2014-10-28,6
2014-10-30,2014-10-29 06:00:00+00:00,2014-10-29,6
2014-10-31,2014-10-30 06:00:00+00:00,2014-10-30,6
2014-11-01,2014-10-31 06:00:00+00:00,2014-10-31,6
2014-11-02,2014-11-01 06:00:00+00:00,2014-11-01,6
2014-11-03,2014-11-02 06:00:00+00:00,2014-11-02,6
2014-11-04,2014-11-03 06:00:00+00:00,2014-11-03,6
2014-11-05,2014-11-04 06:00:00+00:00,2014-11-04,6
2014-11-06,2014-11-05 06:00:00+00:00,2014-11-05,6
2014-11-07,2014-11-06 06:00:00+00:00,2014-11-06,6
2014-11-08,2014-11-07 06:00:00+00:00,2014-11-07,6
2014-11-09,2014-11-08 06:00:00+00:00,2014-11-08,6
2014-11-10,2014-11-09 06:00:00+00:00,2014-11-09,6
2014-11-11,2014-11-10 06:00:00+00:00,2014-11-10,6
2014-11-12,2014-11-11 06:00:00+00:00,2014-11-11,6
2014-11-13,2014-11-12 06:00:00+00:00,2014-11-12,6
2014-11-14,2014-11-13 06:00:00+00:00,2014-11-13,6
2014-11-15,2014-11-14 06:00:00+00:00,2014-11-14,6
2014-11-16,2014-11-15 06:00:00+00:00,2014-11-15,6
2014-11-17,2014-11-16 06:00:00+00:00,2014-11-16,6
2014-11-18,2014-11-17 06:00:00+00:00,2014-11-17,6
2014-11-19,2014-11-18 06:00:00+00:00,2014-11-18,6
2014-11-20,2014-11-19 06:00:00+00:00,2014-11-19,6
2014-11-21,2014-11-20 06:00:00+00:00,2014-11-20,6
2014-11-22,2014-11-21 06:00:00+00:00,2014-11-21,6
2014-11-23,2014-11-22 06:00:00+00:00,2014-11-22,6
2014-11-24,2014-11-23 06:00:00+00:00,2014-11-23,6
2014-11-25,2014-11-24 06:00:00+00:00,2014-11-24,6
2014-11-26,2014-11-25 06:00:00+00:00,2014-11-25,6
2014-11-27,2014-11-26 06:00:00+00:00,2014-11-26,6
2014-11-28,2014-11-27 06:00:00+00:00,2014-11-27,6
2014-11-29,2014-11-28 06:00:00+00:00,2014-11-28,6
2014-11-30,2014-11-29 06:00:00+00:00,2014-11-29,6
2014-12-01,2014-11-30 06:00:00+00:00,2014-11-30,6
2014-12-02,2014-12-01 06:00:00+00:00,2014-12-01,6
2014-12-03,2014-12-02 06:00:00+00:00,2014-12-02,6
2014-12-04,2014-12-03 06:00:00+00:00,2014-12-03,6
2014-12-05,2014-12-04 06:00:00+00:00,2014-12-04,6
2014-12-06,2014-12-05 06:00:00+00:00,2014-12-05,6
2014-12-07,2014-12-06 06:00:00+00:00,2014-12-06,6
2014-12-08,2014-12-07 06:00:00+00:00,2014-12-07,6
2014-12-09,2014-12-08 06:00:00+00:00,2014-12-08,6
2014-12-10,2014-12-09 06:00:00+00:00,2014-12-09,6
2014-12-11,2014-12-10 06:00:00+00:00,2014-12-10,6
2014-12-12,2014-12-11 06:00:00+00:00,2014-12-11,6
2014-12-13,2014-12-12 06:00:00+00:00,2014-12-12,6
2014-12-14,2014-12-13 06:00:00+00:00,2014-12-13,6
2014-12-15,2014-12-14 06:00:00+00:00,2014-12-14,6
2014-12-16,2014-12-15 06:00:00+00:00,2014-12-15,6
2014-12-17,2014-12-16 06:00:00+00:00,2014-12-16,6
2014-12-18,2014-12-17 06:00:00+00:00,2014-12-17,6
2014-12-19,2014-12-18 06:00:00+00:00,2014-12-18,6
2014-12-20,2014-12-19 06:00:00+00:00,2014-12-19,6
2014-12-21,2014-12-20 06:00:00+00:00,2014-12-20,6
2014-12-22,2014-12-21 06:00:00+00:00,2014-12-21,6
2014-12-23,2014-12-22 06:00:00+00:00,2014-12-22,6
2014-12-24,2014-12-23 06:00:00+00:00,2014-12-23,6
2014-12-25,2014-12-24 06:00:00+00:00,2014-12-24,6
2014-12-26,2014-12-25 06:00:00+00:00,2014-12-25,6
2014-12-27,2014-12-26 06:00:00+00:00,2014-12-26,6
2014-12-28,2014-12-27 06:00:00+00:00,2014-12-27,6
2014-12-29,2014-12-28 06:00:00+00:00,2014-12-28,6
2014-12-30,2014-12-29 06:00:00+00:00,2014-12-29,6
2014-12-31,2014-12-30 06:00:00+00:00,2014-12-30,6
