timestamp_utc,timestamp_ept,actual_load_mw,temperature_f,wind_speed_mph,wind_chill_f,hdh,cdh
1/6/2014 5:00:00 AM,1/6/2014 12:00:00 AM,85504.657,23.6,19.8,9.1,41.4,0
1/6/2014 6:00:00 AM,1/6/2014 1:00:00 AM,83522.058,21.4,20.4,6.0,43.6,0
1/6/2014 7:00:00 AM,1/6/2014 2:00:00 AM,82637.689,18.9,20.4,2.6,46.1,0
1/6/2014 8:00:00 AM,1/6/2014 3:00:00 AM,83287.857,16.1,20.4,-1.1,48.9,0
1/6/2014 9:00:00 AM,1/6/2014 4:00:00 AM,85374.475,13.1,20.0,-4.8,51.9,0
1/6/2014 10:00:00 AM,1/6/2014 5:00:00 AM,90889.688,9.1,18.5,-9.4,55.9,0
1/6/2014 11:00:00 AM,1/6/2014 6:00:00 AM,99324.883,7.4,18.8,-11.8,57.6,0
1/6/2014 12:00:00 PM,1/6/2014 7:00:00 AM,105683.549,5.4,19.3,-14.6,59.6,0
1/6/2014 1:00:00 PM,1/6/2014 8:00:00 AM,107239.280,3.8,19.7,-16.9,61.2,0
1/6/2014 2:00:00 PM,1/6/2014 9:00:00 AM,108904.523,1.7,20.4,-19.9,63.3,0
1/6/2014 3:00:00 PM,1/6/2014 10:00:00 AM,110740.238,-0.7,20.9,-23.4,65.7,0
1/6/2014 4:00:00 PM,1/6/2014 11:00:00 AM,111981.587,-1.6,21.6,-24.9,66.6,0
1/6/2014 5:00:00 PM,1/6/2014 12:00:00 PM,112684.155,-2.9,22.1,-26.8,67.9,0
1/6/2014 6:00:00 PM,1/6/2014 1:00:00 PM,112620.486,-3.9,22.4,-28.3,68.9,0
1/6/2014 7:00:00 PM,1/6/2014 2:00:00 PM,112289.285,-4.7,22.4,-29.3,69.7,0
1/6/2014 8:00:00 PM,1/6/2014 3:00:00 PM,113163.450,-5.5,22.1,-30.2,70.5,0
1/6/2014 9:00:00 PM,1/6/2014 4:00:00 PM,117184.429,-6.5,21.8,-31.4,71.5,0
1/6/2014 10:00:00 PM,1/6/2014 5:00:00 PM,125832.100,-8.2,18.5,-32.0,73.2,0
1/6/2014 11:00:00 PM,1/6/2014 6:00:00 PM,130536.994,-9.1,19.5,-33.6,74.1,0
1/7/2014 12:00:00 AM,1/6/2014 7:00:00 PM,131141.653,-9.7,20.0,-34.7,74.7,0
1/7/2014 1:00:00 AM,1/6/2014 8:00:00 PM,130559.635,-10.1,20.2,-35.3,75.1,0
1/7/2014 2:00:00 AM,1/6/2014 9:00:00 PM,128841.202,-10.3,20.0,-35.4,75.3,0
1/7/2014 3:00:00 AM,1/6/2014 10:00:00 PM,125687.972,-10.7,19.9,-36.0,75.7,0
1/7/2014 4:00:00 AM,1/6/2014 11:00:00 PM,121833.708,-10.8,19.8,-36.1,75.8,0
1/7/2014 5:00:00 AM,1/7/2014 12:00:00 AM,119951.159,-10.8,19.4,-35.9,75.8,0
1/7/2014 6:00:00 AM,1/7/2014 1:00:00 AM,119189.921,-10.7,19.2,-35.6,75.7,0
1/7/2014 7:00:00 AM,1/7/2014 2:00:00 AM,119275.233,-10.6,18.9,-35.3,75.6,0
1/7/2014 8:00:00 AM,1/7/2014 3:00:00 AM,120128.948,-10.4,18.5,-34.9,75.4,0
1/7/2014 9:00:00 AM,1/7/2014 4:00:00 AM,122347.834,-10.4,18.1,-34.6,75.4,0
1/7/2014 10:00:00 AM,1/7/2014 5:00:00 AM,126911.066,-9.7,17.4,-33.3,74.7,0
1/7/2014 11:00:00 AM,1/7/2014 6:00:00 AM,133606.209,-9.6,17.3,-33.1,74.6,0
1/7/2014 12:00:00 PM,1/7/2014 7:00:00 AM,137997.870,-9.5,17.2,-32.9,74.5,0
1/7/2014 1:00:00 PM,1/7/2014 8:00:00 AM,137545.961,-9.6,16.9,-32.9,74.6,0
1/7/2014 2:00:00 PM,1/7/2014 9:00:00 AM,136586.875,-8.8,17.3,-32.0,73.8,0
1/7/2014 3:00:00 PM,1/7/2014 10:00:00 AM,135644.030,-6.6,17.6,-29.5,71.6,0
1/7/2014 4:00:00 PM,1/7/2014 11:00:00 AM,134382.174,-5.0,17.9,-27.5,70.0,0
1/7/2014 5:00:00 PM,1/7/2014 12:00:00 PM,132611.764,-3.4,18.0,-25.4,68.4,0
1/7/2014 6:00:00 PM,1/7/2014 1:00:00 PM,130594.953,-1.9,17.7,-23.3,66.9,0
1/7/2014 7:00:00 PM,1/7/2014 2:00:00 PM,128823.938,-0.7,17.5,-21.7,65.7,0
1/7/2014 8:00:00 PM,1/7/2014 3:00:00 PM,128079.207,0.3,17.0,-20.0,64.7,0
1/7/2014 9:00:00 PM,1/7/2014 4:00:00 PM,130440.360,1.2,16.2,-18.5,63.8,0
1/7/2014 10:00:00 PM,1/7/2014 5:00:00 PM,137604.377,2.0,13.2,-15.7,63.0,0
1/7/2014 11:00:00 PM,1/7/2014 6:00:00 PM,140510.233,2.1,13.1,-15.6,62.9,0
1/8/2014 12:00:00 AM,1/7/2014 7:00:00 PM,140128.509,2.5,13.1,-15.1,62.5,0
1/8/2014 1:00:00 AM,1/7/2014 8:00:00 PM,138023.189,2.9,12.9,-14.4,62.1,0
1/8/2014 2:00:00 AM,1/7/2014 9:00:00 PM,133810.869,3.3,12.7,-13.7,61.7,0
1/8/2014 3:00:00 AM,1/7/2014 10:00:00 PM,127358.569,3.6,12.2,-13.0,61.4,0
1/8/2014 4:00:00 AM,1/7/2014 11:00:00 PM,121529.092,3.6,11.6,-12.7,61.4,0
1/8/2014 5:00:00 AM,1/8/2014 12:00:00 AM,117713.179,3.8,10.7,-11.8,61.2,0
1/8/2014 6:00:00 AM,1/8/2014 1:00:00 AM,115888.623,3.6,10.0,-11.4,61.4,0
1/8/2014 7:00:00 AM,1/8/2014 2:00:00 AM,115236.851,3.3,9.2,-11.2,61.7,0
1/8/2014 8:00:00 AM,1/8/2014 3:00:00 AM,115158.794,3.4,8.6,-10.6,61.6,0
1/8/2014 9:00:00 AM,1/8/2014 4:00:00 AM,117081.621,3.7,8.1,-9.7,61.3,0
1/8/2014 10:00:00 AM,1/8/2014 5:00:00 AM,121543.547,4.5,7.5,-8.2,60.5,0
1/8/2014 11:00:00 AM,1/8/2014 6:00:00 AM,128630.873,4.9,7.3,-7.5,60.1,0
1/8/2014 12:00:00 PM,1/8/2014 7:00:00 AM,133288.136,5.5,7.3,-6.8,59.5,0
1/8/2014 1:00:00 PM,1/8/2014 8:00:00 AM,132168.050,5.4,7.1,-6.7,59.6,0
1/8/2014 2:00:00 PM,1/8/2014 9:00:00 AM,128615.536,7.3,7.1,-4.3,57.7,0
1/8/2014 3:00:00 PM,1/8/2014 10:00:00 AM,125224.450,8.8,7.1,-2.6,56.2,0
1/8/2014 4:00:00 PM,1/8/2014 11:00:00 AM,122182.555,11.6,7.2,0.7,53.4,0
1/8/2014 5:00:00 PM,1/8/2014 12:00:00 PM,119198.671,14.1,7.3,3.7,50.9,0
1/8/2014 6:00:00 PM,1/8/2014 1:00:00 PM,117091.637,15.5,7.5,5.2,49.5,0
1/8/2014 7:00:00 PM,1/8/2014 2:00:00 PM,115161.280,16.8,7.5,6.7,48.2,0
1/8/2014 8:00:00 PM,1/8/2014 3:00:00 PM,114694.139,17.4,7.4,7.6,47.6,0
1/8/2014 9:00:00 PM,1/8/2014 4:00:00 PM,117241.595,17.7,7.1,8.2,47.3,0
1/8/2014 10:00:00 PM,1/8/2014 5:00:00 PM,123774.213,17.3,5.4,9.4,47.7,0
1/8/2014 11:00:00 PM,1/8/2014 6:00:00 PM,126135.807,16.7,5.5,8.6,48.3,0
1/9/2014 12:00:00 AM,1/8/2014 7:00:00 PM,125489.604,15.9,5.8,7.3,49.1,0
1/9/2014 1:00:00 AM,1/8/2014 8:00:00 PM,123754.716,15.2,5.7,6.6,49.8,0
1/9/2014 2:00:00 AM,1/8/2014 9:00:00 PM,119471.048,14.4,5.6,5.7,50.6,0
1/9/2014 3:00:00 AM,1/8/2014 10:00:00 PM,112984.259,13.5,5.5,4.8,51.5,0
1/9/2014 4:00:00 AM,1/8/2014 11:00:00 PM,106674.756,12.8,5.3,4.1,52.2,0
